point_id,site,date,woody_plant_sp,DBH,%lich_0cmN,%lich_50cmN,%lich_100cmN,%lich_150cmN,%lich_0cmS,%lich_50cmS,%lich_100cmS,%lich_150cmS,%north,%south,%all,lichen1,lichen2,lichen3,lichen4,lichen5,lichen6,lichen7,NoGenera,Comments
point_3,EREC,15_may,black locust,37.6,0,0,0,0,0,0.5,3,5,0,2.125,1.0625,Phaeophyscia,,,,,,,1,
point_3,EREC,15_may,hackberry,14.5,0,0.5,2,1,0,0.5,2,2,0.875,1.125,1,Phaeophyscia,,,,,,,1,
point_3,EREC,15_may,black cherry snag,15.6,0,0,2,0.5,0,0.5,0.5,0.5,0.625,0.375,0.5,Phaeophyscia,,,,,,,1,
point_3,EREC,15_may,honeysuckle,10,0,0,0,0.5,0,0,0,0,0.125,0,0.0625,Phaeophyscia,,,,,,,1,
point_3,EREC,15_may,hackberry,32.4,0,0,1,3,0,0,0,0,1,0,0.5,Phaeophyscia,,,,,,,1,
point_8,EREC,23_june,black walnut,24.5,0,0.5,0.5,1,0,1,4,5,0.5,2.5,1.5,Candelaria,Phaeophyscia,,,,,,2,
point_8,EREC,23_june,black locust,34.2,0,0,0,0,0,0.5,1,2,0,0.875,0.4375,Candelaria,Phaeophyscia,,,,,,2,
point_8,EREC,23_june,hackberry,19.7,0,0,0,0,0,0,0,5,0,1.25,0.625,Candelaria,Phaeophyscia,,,,,,2,
point_8,EREC,23_june,honeysuckle,10.7,0,0,0,0,0,0,0,0,0,0,0,,,,,,,,0,
point_8,EREC,23_june,black cherry,18.1,0,0,0,0,0,0,0,0,0,0,0,,,,,,,,0,
point_9,EREC,29_may,honeysuckle,11.7,0,0,0,0,0,0,0,0,0,0,0,,,,,,,,0,
point_9,EREC,29_may,honeysuckle,11.3,0,0,0,0,0,0,0,0,0,0,0,,,,,,,,0,
point_9,EREC,29_may,hackberry,23.8,0,0,0,0,0,0,0,0.5,0,0.125,0.0625,Candelaria,,,,,,,1,
point_9,EREC,29_may,hackberry,13.1,0,0.5,0.5,2,0,1,15,5,0.75,5.25,3,Phaeophyscia,Candelaria,,,,,,2,
point_9,EREC,29_may,black cherry,13.2,0,0.5,1,2,0,0.5,3,5,0.875,2.125,1.5,Punctelia,Phaeophyscia,Candelaria,,,,,3,
point_10,EREC,19_may,chinkapin oak,11.8,0.5,5,10,5,0,3,5,5,5.125,3.25,4.1875,Parmotrema,Candelaria,Physcia,Phaeophyscia,,,,4,
point_10,EREC,19_may,white ash,17.4,0,0,1,3,0,2,3,3,1,2,1.5,Candelaria,Physcia,Phaeophyscia,,,,,3,
point_10,EREC,19_may,black locust,14.5,0,0,8,20,0,0.5,1,3,7,1.125,4.0625,Phaeophyscia,Candelaria,Physcia,,,,,3,
point_10,EREC,19_may,bur oak,10,0,0,0.5,3,0,0,2,12,0.875,3.5,2.1875,Phaeophyscia,Candelaria,Physcia,,,,,3,
point_10,EREC,19_may,red oak,18,0,1,0.5,0,0,0.5,0,0,0.375,0.125,0.25,Phaeophyscia,,,,,,,1,
point_11,EREC,28_may,black locust,27.2,0,0.5,1,2,0,0,3,2,0.875,1.25,1.0625,Candelaria,Phaeophyscia,,,,,,2,
point_11,EREC,28_may,black locust,15.8,0,0,20,3,0,0,1,3,5.75,1,3.375,Phaeophyscia,,,,,,,1,
point_11,EREC,28_may,red oak,11,0,0.5,5,5,0,5,2,0.5,2.625,1.875,2.25,Candelaria,Phaeophyscia,,,,,,2,
point_11,EREC,28_may,red oak,10.4,0,15,5,3,0,0.5,8,0,5.75,2.125,3.9375,Candelaria,Phaeophyscia,Parmotrema ,Physcia,,,,4,
point_11,EREC,28_may,bur oak,13.7,0,0.5,5,6,0,0.5,3,10,2.875,3.375,3.125,Candelaria,Phaeophyscia,Punctelia,,,,,3,
point_12,EREC,28_may,black locust,20,0,0.5,1,2,0,0,0,0,0.875,0,0.4375,Phaeophyscia,,,,,,,1,
point_12,EREC,28_may,black locust,16,0,0,0,0,0,0,0,0,0,0,0,,,,,,,,0,
point_12,EREC,28_may,hackberry,22.9,0,0,0,0,0,0,0,0,0,0,0,,,,,,,,0,
point_12,EREC,28_may,honeysuckle,11.3,0,0,0,0,0,0,0,0,0,0,0,,,,,,,,0,
point_12,EREC,28_may,honeysuckle,12.7,0,0,0,0,0,0,0,0,0,0,0,,,,,,,,0,
point_19,EREC,30_may,black locust,39.5,0,0,0.5,0,0,0,0,0,0.125,0,0.0625,Phaeophyscia,,,,,,,1,
point_19,EREC,30_may,black locust,20.1,0,0,1,3,0,0,0,0,1,0,0.5,Phaeophyscia,Candelaria,,,,,,2,
point_19,EREC,30_may,honeysuckle,11.7,0,0,0,0,0,0,0,0,0,0,0,,,,,,,,0,
point_19,EREC,30_may,hackberry,53,0,0,0,0,0,0,0,0.5,0,0.125,0.0625,Candelaria,,,,,,,1,
point_19,EREC,30_may,hackberry,37.8,0,0,0,0,0,0,0,0,0,0,0,,,,,,,,0,
point_20,EREC,30_may,black locust,14.5,0,0,0,0,0,0,0.5,0.5,0,0.25,0.125,Phaeophyscia,,,,,,,1,
point_20,EREC,30_may,black locust,33.3,0,0,0.5,0,0,0,0,0,0.125,0,0.0625,Phaeophyscia,,,,,,,1,
point_20,EREC,30_may,hackberry,25.4,0,0,0.5,0.5,0,0,0.5,0.5,0.25,0.25,0.25,Phaeophyscia,,,,,,,1,
point_20,EREC,30_may,honeysuckle,10.1,0,0,0,0,0,0,0.5,0,0,0.125,0.0625,Phaeophyscia,,N,,,,,1,
point_20,EREC,30_may,black cherry,33,0,0,0,0,0,0.5,0.5,0,0,0.25,0.125,Phaeophyscia,,,,,,,1,
point_21,EREC,15_may,black locust,29.1,0,0,0.5,0,0,0.5,1,0.5,0.125,0.5,0.3125,Physcia,,,,,,,1,
point_21,EREC,15_may,honeysuckle,10.2,0,0.5,0,0,0,0,0,0,0.125,0,0.0625,Physcia,Phaeophyscia,,,,,,2,
point_21,EREC,15_may,hackberry,16.8,0,0.5,3,0.5,0,0.5,0,7,1,1.875,1.4375,Physcia,,,,,,,1,
point_21,EREC,15_may,black cherry,13.6,0,5,80,97,1,0.5,5,3,45.5,2.375,23.9375,Flavoparmelia,Punctelia,,,,,,2,
point_21,EREC,15_may,pin oak,20.9,1,50,70,60,0.5,5,10,10,45.25,6.375,25.8125,Punctelia,Phaeophyscia,Physcia,,,,,3,
point_22,EREC,19_may,red oak,12,0.5,1,3,0.5,0.5,12,0.5,%,1.25,4.333333333,2.571428571,Parmotrema,Punctelia,Candelaria,Flavoparmelia,Phaeophyscia,,,5,
point_22,EREC,19_may,red oak,13.5,0.5,5,5,10,3,30,10,10,5.125,13.25,9.1875,Candelaria,Phaeophyscia,Punctelia,,,,,3,
point_22,EREC,19_may,black locust,26.5,0.5,0.5,3,10,0,0,0,1,3.5,0.25,1.875,Phaeophyscia,,,,,,,1,
point_22,EREC,19_may,white ash,12.4,0,1,5,3,0,0.5,12,15,2.25,6.875,4.5625,Phaeophyscia,Candelaria,Punctelia,,,,,3,
point_22,EREC,19_may,white ash,12.3,0,3,7,15,0,1,5,2,6.25,2,4.125,Phaeophyscia,Candelaria,Punctelia,,,,,3,
point_23,EREC,19_may,hackberry,11.1,0,0.5,0.5,1,0,0.5,10,10,0.5,5.125,2.8125,Physcia,Candelaria,,,,,,2,
point_23,EREC,19_may,black cherry,11.6,0,0.5,0.5,3,0,1,1,3,1,1.25,1.125,Phaeophyscia,,,,,,,1,
point_23,EREC,19_may,black locust,13.4,0,0,0.5,1,0,0,0,0,0.375,0,0.1875,Candelaria,Phaeophyscia,,,,,,2,
point_23,EREC,19_may,black locust,10.1,0,10,10,12,5,5,1,0,8,2.75,5.375,Candelaria,Physcia,Parmotrema ,Phaeophyscia,,,,4,
point_23,EREC,19_may,black locust,12.7,0,1,5,15,0,1,10,0.5,5.25,2.875,4.0625,Candelaria,Phaeophyscia,,,,,,2,
point_24,EREC,19_june,honeysuckle,12.5,0,0,0,0,0,0,0,0,0,0,0,,,,,,,,0,
point_24,EREC,19_june,black locust,34.4,0,0,0.5,0,0,0,0,0,0.125,0,0.0625,Phaeophyscia,,,,,,,1,
point_24,EREC,19_june,hackberry,19.5,0,0,0,0,0,0,0,0,0,0,0,,,,,,,,0,
point_24,EREC,19_june,black cherry,41.2,0,0,2,7,0,0,0,1,2.25,0.25,1.25,Phaeophyscia,Physcia,,,,,,2,
point_24,EREC,19_june,hawthorn,10.2,0,0,0,0,0,0,0,0,0,0,0,,,,,,,,0,
point_25,EREC,19_june,black cherry,0,0,0,0,0,0,0,0,0,0,0,0,,,,,,,,0,
point_25,EREC,19_june,hackberry,0,0,0,0,0,0,0,0,0,0,0,0,,,,,,,,0,
point_25,EREC,19_june,honeysuckle,0,0,0,0,0,0,0,0,0,0,0,0,,,,,,,,0,
point_25,EREC,19_june,honeysuckle,0,0,0,0,0,0,0,0,0,0,0,0,,,,,,,,0,
point_25,EREC,19_june,honeysuckle,0,0,0,0,0,0,0,0,0,0,0,0,,,,,,,,0,
point_26,EREC,20_june,hackberry,41.5,0,0,0,0,0,0.5,1,0,0,0.375,0.1875,Phaeophyscia,,,,,,,1,
point_26,EREC,20_june,honeysuckle,13.4,0,0,0,0,0,0,0,0,0,0,0,,,,,,,,0,
point_26,EREC,20_june,black cherry,37.2,0,0,0,0,0,0,0,0,0,0,0,,,,,,,,0,
point_26,EREC,20_june,hawthorn,10,0,0,0,0,0,0,0,0,0,0,0,,,,,,,,0,
point_26,EREC,20_june,black locust,14.5,0,0,0,0,0,0,0,0,0,0,0,,,,,,,,0,
point_33,EREC,30_may,black cherry,18.8,0,0,30,20,0,0,0,1,12.5,0.25,6.375,Phaeophyscia,Candelaria,,,,,,2,
point_33,EREC,30_may,honeysuckle,13.5,0,0,0,0,0,0,0,1,0,0.25,0.125,Candelaria,,,,,,,1,
point_33,EREC,30_may,hackberry,19.5,0,0,1,8,0,0,0,,2.25,0,1.285714286,Phaeophyscia,Candelaria,,,,,,2,
point_33,EREC,30_may,hackberry,41.3,0,0,0,0,0,0,0,1,0,0.25,0.125,Phaeophyscia,,,,,,,1,
point_33,EREC,30_may,hawthorn,34.8,0,0,0,0,0,0,0,0,0,0,0,,,,,,,,0,
point_34,EREC,31_may,callery pear,17.2,0,5,2,2,0,3,30,3,2.25,9,5.625,Candelaria,Phaeophyscia,Physcia,,,,,3,
point_34,EREC,31_may,honeysuckle,14.4,0,0,0,0,0,0,0,0,0,0,0,,,,,,,,0,
point_34,EREC,31_may,honeysuckle,10.8,0,0,0,0,0,0,0,0,0,0,0,,,,,,,,0,
point_34,EREC,31_may,black cherry,48.5,0,0,0,0,0,0,0,0,0,0,0,,,,,,,,0,
point_34,EREC,31_may,hackberry,14.4,0,0,0.5,3,0,0,10,60,0.875,17.5,9.1875,Phaeophyscia,Candelaria,,,,,,2,
point_35,EREC,31_may,hackberry,12.2,0,1,1,2,0,0.5,0.5,0.5,1,0.375,0.6875,Phaeophyscia,Candelaria,,,,,,2,
point_35,EREC,31_may,black locust,16.8,0,0,0,0,2,1,0,0,0,0.75,0.375,Phaeophyscia,Candelaria,,,,,,2,
point_35,EREC,31_may,black locust,19.6,0,0,0,0,0,0.5,0,0,0,0.125,0.0625,Phaeophyscia,,,,,,,1,
point_35,EREC,31_may,honeysuckle,11.5,0,0,0,0,0,0,0,0,0,0,0,,,,,,,,0,
point_35,EREC,31_may,honeysuckle,11.1,0,0,0.5,0.5,0,0,0,0,0.25,0,0.125,Phaeophyscia,Candelaria,,,,,,2,
point_36,EREC,30_may,black locust,27.1,0,0,0,0,0,0,0,0,0,0,0,,,,,,,,0,
point_36,EREC,30_may,hackberry,10.6,0,0,0.5,3,0,0,0.5,5,0.875,1.375,1.125,Phaeophyscia,Candelaria,,,,,,2,
point_36,EREC,30_may,hackberry,40.5,0,0,0.5,4,0,0,1,0.5,1.125,0.375,0.75,Phaeophyscia,Candelaria,,,,,,2,
point_36,EREC,30_may,black cherry,22.5,0,2,3,5,0,0,3,4,2.5,1.75,2.125,Punctelia,Phaeophyscia,,,,,,2,
point_36,EREC,30_may,honeysuckle,10,0,0,0,0,0,0,0,0,0,0,0,,,,,,,,0,
point_37,EREC,28_may,black locust,40.8,0,0,0,0,0,0,0,0,0,0,0,,,,,,,,0,
point_37,EREC,28_may,honeysuckle,11.5,0,0,0,0,0,0,0,0,0,0,0,,,,,,,,0,
point_37,EREC,28_may,hackberry,31.6,0,0,0,0,0,0,0,0,0,0,0,,,,,,,,0,
point_37,EREC,28_may,buckeye,16.4,0,0,0,0,0,0,0,0.5,0,0.125,0.0625,Phaeophyscia,,,,,,,1,
point_37,EREC,28_may,unidentifiable,18.5,0,0,0,0,0,0,2,8,0,2.5,1.25,Candelaria,Phaeophyscia,,,,,,2,
point_38,EREC,28_may,black cherry,27.2,0,0,3,8,0,0,5,1,2.75,1.5,2.125,Parmotrema,Canoparmelia,Flavoparmelia,Phaeophyscia,,,,4,
point_38,EREC,28_may,black cherry,26.7,0,1,3,5,0,0,2,3,2.25,1.25,1.75,Canoparmelia,Phaeophyscia,,,,,,2,
point_38,EREC,28_may,callery pear,14.6,0,0,0.5,3,0,0,0.5,0,0.875,0.125,0.5,Phaeophyscia,,,,,,,1,
point_38,EREC,28_may,black locust,18.1,0,0,5,2,0,0,0,0,1.75,0,0.875,Phaeophyscia,,,,,,,1,
point_38,EREC,28_may,black locust,19.4,0,5,13,3,0,0,15,15,5.25,7.5,6.375,Parmotrema,Phaeophyscia,,,,,,2,
point_39,EREC,20_may,hackberry,17.2,0,2,5,10,0,5,20,30,4.25,13.75,9,Candelaria,Phaeophyscia,,,,,,2,
point_39,EREC,20_may,hackberry,27.7,0,0,1,5,0,0,0,1,1.5,0.25,0.875,Candelaria,Phaeophyscia,Punctelia,,,,,3,
point_39,EREC,20_may,hackberry,29.8,0,0.5,0.5,2,0,0,2,1,0.75,0.75,0.75,Candelaria,Phaeophyscia,,,,,,2,
point_39,EREC,20_may,hackberry,22.6,0,0,2,1,0,0,0,3,0.75,0.75,0.75,Candelaria,Phaeophyscia,,,,,,2,
point_39,EREC,20_may,hackberry,27.6,0,0,0.5,2,0,0,1,2,0.625,0.75,0.6875,Candelaria,Phaeophyscia,,,,,,2,
point_40,EREC,20_may,black locust,34.2,0,0.5,0.5,0.5,0,0,0,0,0.375,0,0.1875,Phaeophyscia,,,,,,,1,
point_40,EREC,20_may,black locust,15.6,0,0.5,0.5,0,0,0.5,1,0.5,0.25,0.5,0.375,Phaeophyscia,Candelaria,,,,,,2,
point_40,EREC,20_may,hackberry,13.6,0,0,0,0,0,0,0,0,0,0,0,,,,,,,,0,
point_40,EREC,20_may,honeysuckle,11.3,0,0,0,0,0,0,0,0,0,0,0,,,,,,,,0,
point_40,EREC,20_may,honeysuckle,12.5,0,0,0,0,0,0,0,0,0,0,0,,,,,,,,0,
point_41,EREC,14_june,hackberry,40.4,0,7,70,20,0,20,12,50,24.25,20.5,22.375,Candelaria,Pyxine,,,,,,2,
point_41,EREC,14_june,hackberry,50.6,0,2,15,20,0,1,25,20,9.25,11.5,10.375,Candelaria,Phaeophyscia,,,,,,2,
point_41,EREC,14_june,american elm,40.4,0,0.5,1,3,0,5,40,40,1.125,21.25,11.1875,Candelaria,Pyxine,,,,,,2,
point_41,EREC,14_june,hawthorn,17.8,0,0.5,2,3,0,0.5,5,10,1.375,3.875,2.625,Candelaria,Phaeophyscia,Punctelia,,,,,3,
point_41,EREC,14_june,hawthorn,14.5,0,0,0,0,0,0,0,0,0,0,0,,,,,,,,0,
point_42,EREC,14_june,honeysuckle,10.1,0,0,0,0,0,0,0,0,0,0,0,,,,,,,,0,
point_42,EREC,14_june,honeysuckle,18.2,0,0,0,0,0,7,10,15,0,8,4,Physcia,Candelaria,,,,,,2,
point_42,EREC,14_june,honeysuckle,14.2,0,0,0,0,0,0,0,0,0,0,0,,,,,,,,0,
point_42,EREC,14_june,honeysuckle,18.4,0,0,0,0,0,1,7,20,0,7,3.5,Candelaria,Physcia,,,,,,2,
point_42,EREC,14_june,black cherry,12,5,30,25,30,7,70,50,50,22.5,44.25,33.375,Ramali,Candelaria,Physcia,Phaeophyscia,,,,4,
point_43,EREC,14_june,black cherry,12,0.5,7,35,20,0,0.5,0,2,15.625,0.625,8.125,Candelaria,Pyxine,,,,,,2,
point_43,EREC,14_june,black cherry,12.8,0,0,1,2,0,0,0,12,0.75,3,1.875,Candelaria,Phaeophyscia,,,,,,2,
point_43,EREC,14_june,black cherry,19.5,0,0,0,0,1,0.5,0.5,0.5,0,0.625,0.3125,Phaeophyscia,,,,,,,1,
point_43,EREC,14_june,black cherry,30.7,0,0,0.5,0.5,0,0,1,5,0.25,1.5,0.875,Candelaria,Phaeophyscia,,,,,,2,
point_43,EREC,14_june,honeysuckle,12.5,0,0,0,0,0,0,0,0,0,0,0,,,,,,,,0,
point_48,EREC,31_may,black locust,17.8,1,0.5,3,7,0,2,0.5,0.5,2.875,0.75,1.8125,Phaeophyscia,Candelaria,,,,,,2,
point_48,EREC,31_may,hackberry,16.3,0,0,0,0.5,0,0,0.5,0.5,0.125,0.25,0.1875,Phaeophyscia,Candelaria,,,,,,2,
point_48,EREC,31_may,honeysuckle,10.1,0,0,1,0.5,0,0,0,0,0.375,0,0.1875,Phaeophyscia,Candelaria,,,,,,2,
point_48,EREC,31_may,hawthorn,41.6,0,0.5,0,0.5,0,0,0.5,0,0.25,0.125,0.1875,Candelaria,,,,,,,1,
point_48,EREC,31_may,butternut hickory,64,0,0,0,1,0,0.5,0.5,0.5,0.25,0.375,0.3125,Phaeophyscia,Candelaria,,,,,,2,
point_49,EREC,31_may,honeysuckle,13,0,0.5,0.5,0,0,0,0,0,0.25,0,0.125,Phaeophyscia,Candelaria,,,,,,2,
point_49,EREC,31_may,black locust,18.5,0,0,0,0.5,0,0,0,5,0.125,1.25,0.6875,Phaeophyscia,Punctelia,,,,,,2,
point_49,EREC,31_may,black locust,33.8,0,0,0.5,0.5,0,0.5,20,20,0.25,10.125,5.1875,Phaeophyscia,Candelaria,Punctelia,,,,,3,
point_49,EREC,31_may,hackberry,14,0,0,1,2,0,20,40,20,0.75,20,10.375,Phaeophyscia,Candelaria,,,,,,2,
point_49,EREC,31_may,hackberry,14.4,0,0,0,0.5,0,1,2,3,0.125,1.5,0.8125,Phaeophyscia,Candelaria,,,,,,2,
point_50,EREC,31_may,hackberry,36.1,0,0,0,0,0,0,1,4,0,1.25,0.625,Phaeophyscia,Candelaria,,,,,,2,
point_50,EREC,31_may,hackberry,12.5,0,1,20,15,0,2,10,3,9,3.75,6.375,Phaeophyscia,Candelaria,,,,,,2,
point_50,EREC,31_may,black locust,11.2,0,0,0.5,0.5,0,1,5,12,0.25,4.5,2.375,Phaeophyscia,Candelaria,,,,,,2,
point_50,EREC,31_may,black locust,25.7,0,0.5,0.5,0,0,2,1,10,0.25,3.25,1.75,Phaeophyscia,Candelaria,Punctelia,,,,,3,
point_50,EREC,31_may,honeysuckle,11.6,0,0,0,0,0,0,0,0,0,0,0,,,,,,,,0,
point_51,EREC,5_june,black locust,12.7,0,3,20,10,0,0,15,50,8.25,16.25,12.25,Phaeophyscia,Candelaria,Punctelia,,,,,3,
point_51,EREC,5_june,black locust_snag,10.8,0,0,0,0,2,0,0.5,5,0,1.875,0.9375,Phaeophyscia,Punctelia,,,,,,2,
point_51,EREC,5_june,black locust,17.7,0,0,1,3,0,20,50,3,1,18.25,9.625,Phaeophyscia,Candelaria,,,,,,2,
point_51,EREC,5_june,black locust,26.9,0,0,2,2,0,0,0,7,1,1.75,1.375,Phaeophyscia,Candelaria,,,,,,2,
point_51,EREC,5_june,hackberry,33.7,0,0,0.5,7,0,0.5,0.5,0.5,1.875,0.375,1.125,Phaeophyscia,,,,,,,1,
point_52,EREC,5_june,black locust,15.6,0,0,0,0,0,0,10,5,0,3.75,1.875,Phaeophyscia,Candelaria,,,,,,2,
point_52,EREC,5_june,black locust,28.2,0,0,0,0,0,0,0,0,0,0,0,,,,,,,,0,
point_52,EREC,5_june,hackberry,23.8,0,0,0.5,0,0,0,0,0,0.125,0,0.0625,Phaeophyscia,,,,,,,1,
point_52,EREC,5_june,honeysuckle,11.4,0,0,0,0,0,0,0,0,0,0,0,,,,,,,,0,
point_52,EREC,5_june,black cherry_snag,11.5,0,0,5,10,0,0,0,0,3.75,0,1.875,Phaeophyscia,,,,,,,1,
point_53,EREC,4_june,hackberry,14.4,0,0.5,2,1,0,0.5,5,1,0.875,1.625,1.25,Phaeophyscia,Candelaria,,,,,,2,
point_53,EREC,4_june,hackberry,17,0,0,5,2,0,0,1,2,1.75,0.75,1.25,Phaeophyscia,Candelaria,,,,,,2,
point_53,EREC,4_june,american elm,14.9,0,0,1,1,0,0,0.5,0.5,0.5,0.25,0.375,Phaeophyscia,Candelaria,,,,,,2,
point_53,EREC,4_june,honeysuckle,10.7,0,0,0,0,0,0,0,0,0,0,0,,,,,,,,0,
point_53,EREC,4_june,black cherry,18.3,0,0.5,7,7,0,0,1,1,3.625,0.5,2.0625,Phaeophyscia,Candelaria,,,,,,2,
point_54,EREC,20_may,hackberry,15.6,0,0,1,0.5,0,0,1,2,0.375,0.75,0.5625,Phaeophyscia,Candelaria,,,,,,2,
point_54,EREC,20_may,black locust,30.8,0,0,1,1,0,0,0.5,0,0.5,0.125,0.3125,Phaeophyscia,,,,,,,1,
point_54,EREC,20_may,oak sp.,13.5,0,0,0.5,0,0,0,0,0,0.125,0,0.0625,Phaeophyscia,,,,,,,1,
point_54,EREC,20_may,black cherry,19.1,0,0,0.5,0.5,0,0,1,0,0.25,0.25,0.25,Phaeophyscia,,,,,,,1,
point_54,EREC,20_may,honeysuckle,10.4,0,0,0,0,0,0,0,0,0,0,0,,,,,,,,0,
point_55,EREC,19_june,honeysuckle,13.1,0,0,0,0,0,0,0,0,0,0,0,,,,,,,,0,
point_55,EREC,19_june,black cherry,17.5,0,0,1,0.5,0,0,0.5,0.5,0.375,0.25,0.3125,Phaeophyscia,,,,,,,1,
point_55,EREC,19_june,hackberry,24.7,0,0,0,0.5,0,0,0,0,0.125,0,0.0625,Phaeophyscia,,,,,,,1,
point_55,EREC,19_june,mulberry sp.,38,0,0,0.5,0,0,0,0,0,0.125,0,0.0625,Phaeophyscia,,,,,,,1,
point_55,EREC,19_june,hawthorn,11.7,0,0,0,0,0,0,0,0,0,0,0,,,,,,,,0,
point_56,EREC,19_june,hackberry,10.7,0,60,0,0,0,13,0,0,15,3.25,9.125,Phaeophyscia,Candelaria,,,,,,2,
point_56,EREC,19_june,hackberry,10.1,0,2,2,0.5,0,0.5,0,0,1.125,0.125,0.625,Phaeophyscia,Candelaria,,,,,,2,
point_56,EREC,19_june,black willow,10,0,0,0.5,25,0,2,10,15,6.375,6.75,6.5625,Physcia,Candelaria,,,,,,2,
point_56,EREC,19_june,black willow,11,0,5,3,10,0,1,2,10,4.5,3.25,3.875,Physcia,Candelaria,,,,,,2,
point_56,EREC,19_june,black willow,10,0,1,0.5,3,0,0.5,5,12,1.125,4.375,2.75,Physcia,Candelaria,,,,,,2,
point_57,EREC,19_june,black willow,12,0,3,0.5,0,2,30,4,2,0.875,9.5,5.1875,Phaeophyscia,Candelaria,,,,,,2,
point_57,EREC,19_june,black willow,10.1,0,7,0.5,25,0,30,10,20,8.125,15,11.5625,Phaeophyscia,Candelaria,,,,,,2,
point_57,EREC,19_june,black willow,13.4,0,5,3,5,0,20,5,10,3.25,8.75,6,Phaeophyscia,Candelaria,,,,,,2,
point_57,EREC,19_june,mulberry sp.,12.2,0,3,0,0,0,5,0.5,0,0.75,1.375,1.0625,Phaeophyscia,,,,,,,1,
point_57,EREC,19_june,ulmus sp.,10.5,7,7,1,2,5,10,25,3,4.25,10.75,7.5,Phaeophyscia,,,,,,,1,
point_58,EREC,14_june,black willow,12.4,0,0,1,10,3,5,10,15,2.75,8.25,5.5,Phaeophyscia,Candelaria,,,,,,2,
point_58,EREC,14_june,black willow,10.9,0,0,20,30,0,0.5,40,10,12.5,12.625,12.5625,Physcia,Phaeophyscia,Candelaria,Flavoparmelia,,,,4,
point_58,EREC,14_june,black willow,10,0,0,0,0,0,0.5,5,5,0,2.625,1.3125,Phaeophyscia,Candelaria,,,,,,2,
point_58,EREC,14_june,callery pear,10.4,0,3,3,7,2,15,5,2,3.25,6,4.625,Phaeophyscia,,,,,,,1,
point_58,EREC,14_june,callery pear,10.1,0.5,3,3,1,0,7,10,0.5,1.875,4.375,3.125,Phaeophyscia,,,,,,,1,
point_60,EREC,6_june,hackberry,17.3,0,1,5,5,3,50,70,60,2.75,45.75,24.25,Phaeophyscia,Candelaria,Mylechroa,,,,,3,
point_60,EREC,6_june,hackberry,17,0,0,1,1,0,0,5,15,0.5,5,2.75,Phaeophyscia,Candelaria,,,,,,2,
point_60,EREC,6_june,black locust_snag,11.8,0,0,5,8,0,0,0.5,0.5,3.25,0.25,1.75,Phaeophyscia,Candelaria,,,,,,2,
point_60,EREC,6_june,black cherry,10.5,0,0,3,1,0,2,20,25,1,11.75,6.375,Phaeophyscia,Candelaria,,,,,,2,
point_60,EREC,6_june,honeysuckle,10.3,0,0,0,0.5,0,0,0,0.5,0.125,0.125,0.125,Phaeophyscia,Candelaria,,,,,,2,
point_61,EREC,6_june,black cherry,20.3,0.5,1,2,1,0.5,0.5,0,1,1.125,0.5,0.8125,Phaeophyscia,,,,,,,1,
point_61,EREC,6_june,honeysuckle,20.5,0,0,0,0.5,0,0,0,0,0.125,0,0.0625,Phaeophyscia,,,,,,,1,
point_61,EREC,6_june,hackberry,14.4,0,0,0.5,2,0,0,0.5,1,0.625,0.375,0.5,Phaeophyscia,Candelaria,,,,,,2,
point_61,EREC,6_june,american elm,22.2,0,0,0.5,1,0,0,0,0,0.375,0,0.1875,Phaeophyscia,Candelaria,,,,,,2,
point_61,EREC,6_june,black locust,17.2,0,0.5,0.5,1,0,1,3,15,0.5,4.75,2.625,Phaeophyscia,Candelaria,,,,,,2,
point_62,EREC,6_june,american elm,45.6,0,0,0.5,0.5,0,0,0,0,0.25,0,0.125,Candelaria,,,,,,,1,
point_62,EREC,6_june,hackberry,19.2,0,0,1,1,0,0,0.5,0.5,0.5,0.25,0.375,Phaeophyscia,Candelaria,,,,,,2,
point_62,EREC,6_june,black locust,12.8,0,0,0.5,0.5,0,0.5,5,20,0.25,6.375,3.3125,Physcia,Candelaria,Phaeophyscia,,,,,3,
point_62,EREC,6_june,black cherry,18,0.5,0.5,3,3,1,10,15,1,1.75,6.75,4.25,Phaeophyscia,Candelaria,Myelochroa,,,,,3,
point_62,EREC,6_june,hawthorn,10.9,0,0,0.5,2,0,0,1,2,0.625,0.75,0.6875,Phaeophyscia,Candelaria,Punctelia,,,,,3,
point_63,EREC,6_june,black cherry,12.2,2,1,3,5,0,3,5,1,2.75,2.25,2.5,Myelochroa,,,,,,,1,
point_63,EREC,6_june,black cherry,11.2,1,3,7,5,1,3,15,10,4,7.25,5.625,Candelaria,Myelochroa,Flavoparmelia,,,,,3,
point_63,EREC,6_june,black cherry,15.6,1,10,10,6,0,2,3,3,6.75,2,4.375,Candelaria,Myelochroa,,,,,,2,
point_63,EREC,6_june,american sweetgum,12.2,0,3,12,10,1,15,30,20,6.25,16.5,11.375,Candelaria,Myelochroa,,,,,,2,
point_63,EREC,6_june,american sweetgum,11.5,0,0,0,0,0.5,0.5,2,2,0,1.25,0.625,Myelochroa,,,,,,,1,
point_66,EREC,4_june,black cherry,18.7,0,0.5,0.5,1,0,1,2,3,0.5,1.5,1,Phaeophyscia,Candelaria,,,,,,2,
point_66,EREC,4_june,black locust,15.5,0,0.5,0.5,1,0,1,0.5,1,0.5,0.625,0.5625,Phaeophyscia,Candelaria,,,,,,2,
point_66,EREC,4_june,american elm,13.7,0,0,0,0,0,0,0,0,0,0,0,,,,,,,,0,
point_66,EREC,4_june,hackberry,22.3,0,0,0,0.5,0.5,0,0.5,0,0.125,0.25,0.1875,Phaeophyscia,,,,,,,1,
point_66,EREC,4_june,hawthorn,26.7,0,0.5,0,0,0,0,0,0,0.125,0,0.0625,Phaeophyscia,,,,,,,1,
point_67,EREC,4_june,red oak,18.2,0,0,1,0.5,0,0,0.5,0,0.375,0.125,0.25,Phaeophyscia,,,,,,,1,
point_67,EREC,4_june,honeysuckle,10.4,0,0,0,0,0,0,0,0,0,0,0,,,,,,,,0,
point_67,EREC,4_june,black cherry,19.6,0,0,0,0,0,0,0.5,1,0,0.375,0.1875,Phaeophyscia,,,,,,,1,
point_67,EREC,4_june,black locust,45.6,0,0,0,0,0,0,0,0,0,0,0,,,,,,,,0,
point_67,EREC,4_june,hackberry,29.3,0,0,0,0,0,0,0,0,0,0,0,,,,,,,,0,
point_68,EREC,12_june,hackberry,31.7,0,0,0,0,0,0,0,0,0,0,0,,,,,,,,0,
point_68,EREC,12_june,black locust,12,0,0.5,1,0.5,0,0,0,0,0.5,0,0.25,Phaeophyscia,,,,,,,1,
point_68,EREC,12_june,black locust,10,0,0.5,5,5,0,2,10,10,2.625,5.5,4.0625,Phaeophyscia,Candelaria,,,,,,2,
point_68,EREC,12_june,black locust,12.7,0,0,0.5,1,0,0,0.5,5,0.375,1.375,0.875,Phaeophyscia,Candelaria,,,,,,2,
point_68,EREC,12_june,american elm,38,0,0,0,0,0,0,0,0,0,0,0,,,,,,,,0,
point_69,EREC,20_june,hackberry,36.6,0,0,0,0,0,0,0,0,0,0,0,,,,,,,,0,
point_69,EREC,20_june,honeysuckle,12,0,0,0,0,0,0,0,0,0,0,0,,,,,,,,0,
point_69,EREC,20_june,american elm,16.8,0,0,0.5,0,0,0,0,0,0.125,0,0.0625,Phaeophyscia,,,,,,,1,
point_69,EREC,20_june,white ash,36.5,0,0,0,0,0,0,0,0,0,0,0,,,,,,,,0,
point_69,EREC,20_june,butternut,16.5,0,0,0,0,0,0,0,0,0,0,0,,,,,,,,0,
point_70,EREC,12_june,hackberry,28.1,0,0,0,0,0,0,0,0,0,0,0,,,,,,,,0,
point_70,EREC,12_june,hackberry,27.1,0,0,0,0,0,0,0,5,0,1.25,0.625,Phaeophyscia,,,,,,,1,
point_70,EREC,12_june,black locust,26.2,0,0,0,0.5,0,0,0,0,0.125,0,0.0625,Phaeophyscia,,,,,,,1,
point_70,EREC,12_june,honeysuckle,14.2,0,0,0,0,0,0,0,0,0,0,0,,,,,,,,0,
point_70,EREC,12_june,american elm,10.9,0,0,0,0,0,0,0,0,0,0,0,,,,,,,,0,
point_71,EREC,14_june,black cherry,52.7,0,0,0.5,0,0,0,1,7,0.125,2,1.0625,Physcia,,,,,,,1,
point_71,EREC,14_june,black cherry,48.9,0,0,0,0,0,0,0,0,0,0,0,,,,,,,,0,
point_71,EREC,14_june,american elm,15.6,0,0,0,0,0,0,0,0,0,0,0,,,,,,,,0,
point_71,EREC,14_june,hackberry,32.4,0,0,0,0,0,0,0,0.5,0,0.125,0.0625,Phaeophyscia,,,,,,,1,
point_71,EREC,14_june,honeysuckle,11,0,0,0,0,0,0,0,0,0,0,0,,,,,,,,0,
point_72,EREC,21_may,black cherry,24,0,0,0,0,0,0,0,0,0,0,0,,,,,,,,0,
point_72,EREC,21_may,honeysuckle,14.3,0,0,0,0,0,0,0,0,0,0,0,,,,,,,,0,
point_72,EREC,21_may,honeysuckle,13.9,0,0,0,0,0,0,0,0,0,0,0,,,,,,,,0,
point_72,EREC,21_may,honeysuckle,22.4,0,0,0,0,0,0,0,0,0,0,0,,,,,,,,0,
point_72,EREC,21_may,honeysuckle,14.7,0,0,0,0,0,0,0,0,0,0,0,,,,,,,,0,
point_73,EREC,16_may,black locust,11.8,0,0.5,3,5,0,0,2,5,2.125,1.75,1.9375,Phaeophyscia,Candelaria,,,,,,2,
point_73,EREC,16_may,boxelder,11.3,0,0,0,0,0,0,0.5,0.5,0,0.25,0.125,Phaeophyscia,,,,,,,1,
point_73,EREC,16_may,honeysuckle,11.6,0,0.5,0,0,0,0,0,0,0.125,0,0.0625,Phaeophyscia,,,,,,,1,
point_73,EREC,16_may,birch,11.4,0,0,0,0,0.5,0.5,0.5,0.5,0,0.5,0.25,Phaeophyscia,,,,,,,1,
point_73,EREC,16_may,honeysuckle,11.8,0,0,0.5,0,0,0,0,0,0.125,0,0.0625,Phaeophyscia,,,,,,,1,
point_74,EREC,7_june,white ash,10.2,0,1,3,3,0,0,0,0,1.75,0,0.875,Candelaria,Phaeophyscia,,,,,,2,
point_74,EREC,7_june,red maple,11.7,0,0,0.5,2,0,0,5,12,0.625,4.25,2.4375,Punctelia,Flavoparmelia,Parmotrema ,Phaeophyscia,Candelaria,Physcia,,6,
point_74,EREC,7_june,boxelder,14.8,0,0,1,5,0,5,40,30,1.5,18.75,10.125,Candelaria,Physcia,,,,,,2,
point_74,EREC,7_june,american elm,11,0,0,0,0,0,0,0,0,0,0,0,,,,,,,,0,
point_74,EREC,7_june,black cherry,13.5,0,0.5,2,5,0,0,3,2,1.875,1.25,1.5625,Candelaria,Physcia,,,,,,2,
point_75,EREC,7_june,black cherry,10.2,0,0.5,3,2,0,5,15,15,1.375,8.75,5.0625,Phaeophyscia,Candelaria,,,,,,2,
point_75,EREC,7_june,black locust,14.5,0,0.5,2,3,0,2,12,20,1.375,8.5,4.9375,Phaeophyscia,Candelaria,,,,,,2,
point_75,EREC,7_june,black locust,12.9,0,1,1,5,0,0,1,5,1.75,1.5,1.625,Phaeophyscia,Candelaria,,,,,,2,
point_75,EREC,7_june,black locust,13.2,0,0,7,10,0,0,2,3,4.25,1.25,2.75,Phaeophyscia,Candelaria,,,,,,2,
point_75,EREC,7_june,black locust,16.9,0,1,1,3,0,1,3,3,1.25,1.75,1.5,Phaeophyscia,Candelaria,,,,,,2,
point_76,EREC,21_june,black locust,49.6,0,0,0,0.5,0,0,0,0,0.125,0,0.0625,Phaeophyscia,,,,,,,1,
point_76,EREC,21_june,black locust,42.7,0,0,0,0,0,0,0,0,0,0,0,,,,,,,,0,
point_76,EREC,21_june,hackberry,37.1,0,0,15,40,0,0,0,0,13.75,0,6.875,Candelaria,Physcia,Myelochroa,,,,,3,
point_76,EREC,21_june,honeysuckle,10.8,0,0,0,0,0,0,0,0,0,0,0,,,,,,,,0,
point_76,EREC,21_june,hawthorn,13.3,0,0,0,0,0,0,0,0,0,0,0,,,,,,,,0,
point_77,EREC,21_june,hackberry,10.7,0,0,0,0.5,0,0,0,0.5,0.125,0.125,0.125,Physcia,Phaeophyscia,,,,,,2,
point_77,EREC,21_june,black locust,12,0,0,0,0,0,0,0,0,0,0,0,,,,,,,,0,
point_77,EREC,21_june,black locust,17.4,0,0,0,1,0,0,0,0,0.25,0,0.125,Phaeophyscia,,,,,,,1,
point_77,EREC,21_june,mulberry sp.,16.5,0,0,1,5,0,0,0.5,15,1.5,3.875,2.6875,Phaeophyscia,Pyxine,Parmotrema,Candelaria,,,,4,
point_77,EREC,21_june,black cherry,11.5,0,0,0,1,0,0,0.5,0.5,0.25,0.25,0.25,Phaeophyscia,,,,,,,1,
point_78,EREC,24_may,honeysuckle,10.3,0,0,0,0,0,0,0,0,0,0,0,,,,,,,,0,
point_78,EREC,24_may,hackberry,26.1,0,0,1,2,0,0,0,0,0.75,0,0.375,Phaeophyscia,,,,,,,1,
point_78,EREC,24_may,hackberry,20.9,0,0,1,0,0,0,3,5,0.25,2,1.125,Phaeophyscia,Candelaria,,,,,,2,
point_78,EREC,24_may,Quercus sp.,65.5,0,0,0,7,0,0,0,0.5,1.75,0.125,0.9375,Phaeophyscia,,,,,,,1,
point_78,EREC,24_may,black cherry,28,0,1,3,25,0,0,0.5,7,7.25,1.875,4.5625,Phaeophyscia,Physcia,Candelaria,,,,,3,
point_79,EREC,10_june,hackberry,12.4,0,0,0,2,0,0.5,1,1,0.5,0.625,0.5625,Candelaria,Phaeophyscia,,,,,,2,
point_79,EREC,10_june,black cherry,19.3,0.5,0.5,0,0.5,0,0,0,0,0.375,0,0.1875,Phaeophyscia,,,,,,,1,
point_79,EREC,10_june,black locust,28.5,0,0,0,0.5,0,0,0,0,0.125,0,0.0625,Phaeophyscia,,,,,,,1,
point_79,EREC,10_june,honeysuckle,12.4,0,0,0,0,0,0,0,0,0,0,0,,,,,,,,0,
point_79,EREC,10_june,willow sp.,39.2,0,0,0,0,0,0,0,0.5,0,0.125,0.0625,Phaeophyscia,,,,,,,1,
point_80,EREC,10_june,hackberry,12.7,1,2,2,4,0,0,0,0,2.25,0,1.125,Phaeophyscia,,,,,,,1,
point_80,EREC,10_june,honeysuckle,13.6,0,0,0,0,0,0,0,0,0,0,0,,,,,,,,0,
point_80,EREC,10_june,black locust,27.4,0,0,0,0,0,0,0,0,0,0,0,,,,,,,,0,
point_80,EREC,10_june,boxelder,16.6,0,0.5,0.5,0.5,0,0.5,2,3,0.375,1.375,0.875,Phaeophyscia,Candelaria,,,,,,2,
point_80,EREC,10_june,honey locust,19.7,0,0,0,0,1,0,1,4,0,1.5,0.75,Phaeophyscia,,,,,,,1,
point_81,EREC,10_june,boxelder,11.8,0,0,0.5,1,0,1,20,20,0.375,10.25,5.3125,Phaeophyscia,Candelaria,,,,,,2,
point_81,EREC,10_june,boxelder,27.5,0,0,0,0.5,0,0,0,0,0.125,0,0.0625,Phaeophyscia,,,,,,,1,
point_81,EREC,10_june,honeysuckle,14,0,0,0,0,0,0,0,0,0,0,0,,,,,,,,0,
point_81,EREC,10_june,black cherry,13.2,0,0,0,1,0,0.5,2,4,0.25,1.625,0.9375,Phaeophyscia,,,,,,,1,
point_81,EREC,10_june,american elm,57.4,0,0,0,0,0,0,0,0,0,0,0,,,,,,,,0,
point_82,EREC,10_june,hackberry,14,0,0,6,3,0,0.5,1,10,2.25,2.875,2.5625,Candelaria,Phaeophyscia,Physcia,,,,,3,
point_82,EREC,10_june,hackberry,33,2,7,7,7,0,0,0.5,3,5.75,0.875,3.3125,Candelaria,Phaeophyscia,,,,,,2,
point_82,EREC,10_june,american elm,54.5,0,0,0,0,0,0,0.5,1,0,0.375,0.1875,Phaeophyscia,,,,,,,1,
point_82,EREC,10_june,american elm,43.3,0,0,0,0,0,0,0.5,1,0,0.375,0.1875,Candelaria,,,,,,,1,
point_82,EREC,10_june,mulberry,65.7,0,0,0.5,0.5,0,0,0,0,0.25,0,0.125,Phaeophyscia,,,,,,,1,
point_83,EREC,10_june,american elm,14.6,0,0,0,1,0,0,1,2,0.25,0.75,0.5,Phaeophyscia,Candelaria,,,,,,2,
point_83,EREC,10_june,black locust,30.7,0,0,0.5,0,0,1,1,1,0.125,0.75,0.4375,Phaeophyscia,Candelaria,,,,,,2,
point_83,EREC,10_june,hawthorn,14,0,0.5,0.5,0.5,0,0,0,1,0.375,0.25,0.3125,Phaeophyscia,Candelaria,,,,,,2,
point_83,EREC,10_june,honey locust,11.8,0,1,5,6,0,0.5,1,7,3,2.125,2.5625,Phaeophyscia,Candelaria,,,,,,2,
point_83,EREC,10_june,white ash,29.2,0,0,0,0,0,0,0,0,0,0,0,,,,,,,,0,
point_85,EREC,7_june,hackberry,19.9,0,0,0,0,0,0,0,0,0,0,0,,,,,,,,0,
point_85,EREC,7_june,hackberry,22,0,0,0,0,0,0,0.5,0,0,0.125,0.0625,Phaeophyscia,,,,,,,1,
point_85,EREC,7_june,black locust,33.5,0,0,0,0,0,0,0,0,0,0,0,,,,,,,,0,
point_85,EREC,7_june,black cherry,26.2,0,0,0,0,0,0,0,0,0,0,0,,,,,,,,0,
point_85,EREC,7_june,american elm,51.3,0,0,0,0,0,0,0,0,0,0,0,,,,,,,,0,
point_86,EREC,10_june,honeysuckle,15.6,0,0,0,0,0,0,0,0,0,0,0,,,,,,,,0,
point_86,EREC,10_june,mulberry,12.8,0,0.5,1,5,0,0,0,0.5,1.625,0.125,0.875,Candelaria,Phaeophyscia,Mylechroa,,,,,3,
point_86,EREC,10_june,hawthorn,34.2,0,0,0,0,0,0,0,0,0,0,0,,,,,,,,0,
point_86,EREC,10_june,hackberry,42.6,0,0,0.5,0.5,0,0,0.5,0.5,0.25,0.25,0.25,Phaeophyscia,,,,,,,1,
point_86,EREC,10_june,black cherry_snag,37,0,0,0,0,0,0,0,0,0,0,0,,,,,,,,0,
point_87,EREC,24_may,honeysuckle,12.8,0,0,0,0,0,0,0,0,0,0,0,,,,,,,,0,
point_87,EREC,24_may,black cherry,18.3,0,0.5,0.5,3,0,0.5,0,0,1,0.125,0.5625,Phaeophyscia,Candelaria,,,,,,2,
point_87,EREC,24_may,hackberry,64.4,0,0,0,1,0,0,0,0,0.25,0,0.125,Phaeophyscia,,,,,,,1,
point_87,EREC,24_may,coffeetree,13.3,0,0,0,0,0,0,0,0,0,0,0,,,,,,,,0,
point_87,EREC,24_may,black cherry,36.1,0,0,0,1,0.5,0.5,0.5,0.5,0.25,0.5,0.375,Phaeophyscia,,,,,,,1,
point_88,EREC,23_june,hackberry,29.7,0,0,0,0.5,0,0,0.5,0.5,0.125,0.25,0.1875,Phaeophyscia,Candelaria,,,,,,2,
point_88,EREC,23_june,honeysuckle,11.7,0,0,0,0,0,0,0,0,0,0,0,,,,,,,,0,
point_88,EREC,23_june,black walnut,23.3,0,0,0.5,0.5,0,0,1,15,0.25,4,2.125,Phaeophyscia,Candelaria,Myelochroa,,,,,3,
point_88,EREC,23_june,eastern redbud,16.1,0,0,0,0.5,0,0,3,3,0.125,1.5,0.8125,Phaeophyscia,,,,,,,1,
point_88,EREC,23_june,callery pear,11.7,0,4,10,10,0,10,15,12,6,9.25,7.625,Phaeophyscia,Candelaria,,,,,,2,
point_89,EREC,11_june,black cherry,23.4,0,0,0,0,0,0,10,2,0,3,1.5,Phaeophyscia,Candelaria,,,,,,2,
point_89,EREC,11_june,black cherry,12.2,0,0.5,1,5,0,0.5,3,10,1.625,3.375,2.5,Phaeophyscia,Candelaria,,,,,,2,
point_89,EREC,11_june,honeysuckle,11.1,0,0,0,0,0,0,0,0,0,0,0,,,,,,,,0,
point_89,EREC,11_june,honeysuckle,10,0,0,0,0,0,0,0.5,0,0,0.125,0.0625,Candelaria,,,,,,,1,
point_89,EREC,11_june,hackberry,19.8,0,0,0.5,1,0,0.5,0.5,0.5,0.375,0.375,0.375,Phaeophyscia,,,,,,,1,
point_90,EREC,10_june,black cherry,22.3,0,0,2,0.5,0,0,3,8,0.625,2.75,1.6875,Physcia,Candelaria,,,,,,2,
point_90,EREC,10_june,hackberry,13.1,0,0,0.5,0,0,0,0,0.5,0.125,0.125,0.125,Phaeophyscia,Candelaria,,,,,,2,
point_90,EREC,10_june,hackberry,40.5,0,0,0,0,0,0,3,6,0,2.25,1.125,Phaeophyscia,,,,,,,1,
point_90,EREC,10_june,honeysuckle,16.6,0,0,0,0.5,0,0,0,0,0.125,0,0.0625,Phaeophyscia,,,,,,,1,
point_90,EREC,10_june,hawthorn_snag,17,0,0,0,0,0,0,0,0,0,0,0,,,,,,,,0,
point_91,EREC,20_june,hackberry,31.4,0,0,1,4,0,0,0,0,1.25,0,0.625,Phaeophyscia,,,,,,,1,
point_91,EREC,20_june,hackberry,38.8,0,0,0,1,0,0,0,2,0.25,0.5,0.375,Phaeophyscia,,,,,,,1,
point_91,EREC,20_june,honeysuckle,10.9,0,0,0,0,0,0,0,0,0,0,0,,,,,,,,0,
point_91,EREC,20_june,honey locust,64.4,0,0,0,0,0,0,0,60,0,15,7.5,Candelaria,Physcia,,,,,,2,
point_91,EREC,20_june,hawthorn,17.7,0,0,0,0,0,0,0,0,0,0,0,,,,,,,,0,
point_93,EREC,12_june,hackberry,42.4,0,0,0.5,1,0,0,0,0.5,0.375,0.125,0.25,Phaeophyscia,Candelaria,,,,,,2,
point_93,EREC,12_june,hackberry,19.9,0,0,1,7,0,0,3,50,2,13.25,7.625,Phaeophyscia,Punctelia,,,,,,2,
point_93,EREC,12_june,hackberry,23.1,0,0,0,0,0,0,0,0,0,0,0,,,,,,,,0,
point_93,EREC,12_june,boxelder,27.8,0,0,0,0,0,0,0,0,0,0,0,,,,,,,,0,
point_93,EREC,12_june,hawthorn,24.4,0,0,0,0,0,0,0,0,0,0,0,,,,,,,,0,
point_94,EREC,12_june,hackberry_snag,22.5,0,0.5,6,3,0,0,1,0.5,2.375,0.375,1.375,Punctelia,Phaeophyscia,,,,,,2,
point_94,EREC,12_june,hackberry_snag,49,0,0,0,7,0,0,0,2,1.75,0.5,1.125,Punctelia,Myelochroa,,,,,,2,
point_94,EREC,12_june,callery pear,12.8,0,0.5,0.5,1,0,10,25,40,0.5,18.75,9.625,Candelaria,Phaeophyscia,,,,,,2,
point_94,EREC,12_june,black locust,17.5,0,0,0,0,0,0,0,0,0,0,0,,,,,,,,0,
point_94,EREC,12_june,honeysuckle,14.2,0,0,0,0,0,0,0,0,0,0,0,,,,,,,,0,
point_95,EREC,11_june,black walnut,20.3,0,0,0.5,1,0,1,0.5,2,0.375,0.875,0.625,Phaeophyscia,Candelaria,,,,,,2,
point_95,EREC,11_june,honeysuckle,22.8,0,0,0,0,0,0,0,0,0,0,0,,,,,,,,0,
point_95,EREC,11_june,honeysuckle,12,0,0,0,0,0,0,0,0,0,0,0,,,,,,,,0,
point_95,EREC,11_june,honeysuckle,11.7,0,0,0,0,0,0,0,0,0,0,0,,,,,,,,0,
point_95,EREC,11_june,honeysuckle,15.5,0,0,0,0,0,0,0,0,0,0,0,,,,,,,,0,
point_96,EREC,11_june,hackberry,26.2,0,0,0,0,0,0,0.5,0.5,0,0.25,0.125,Phaeophyscia,,,,,,,1,
point_96,EREC,11_june,honeysuckle,10.8,0,0,0,0,0,0,0,0,0,0,0,,,,,,,,0,
point_96,EREC,11_june,black locust_snag,22.5,0,0,0,0.5,0,0,0,0,0.125,0,0.0625,Phaeophyscia,,,,,,,1,
point_96,EREC,11_june,hawthorn,20.7,0,0,0,0,0,0,0,0,0,0,0,,,,,,,,0,
point_96,EREC,11_june,boxelder,17,0,0,0,0,0,5,20,1,0,6.5,3.25,Phaeophyscia,Candelaria,,,,,,2,
point_98,EREC,12_june,hackberry,75.2,0,0,0,0.5,0,0,0,0.5,0.125,0.125,0.125,Phaeophyscia,,,,,,,1,
point_98,EREC,12_june,hackberry,57.5,0,0.5,1,2,0,0,0.5,0.5,0.875,0.25,0.5625,Phaeophyscia,,,,,,,1,
point_98,EREC,12_june,hackberry,115.4,0,0,0,0,0,0,0,0,0,0,0,,,,,,,,0,
point_98,EREC,12_june,honeysuckle,12.3,0,0,0,0,0,0,0,0.5,0,0.125,0.0625,Phaeophyscia,,,,,,,1,
point_98,EREC,12_june,honeysuckle,18.5,0,0,0,0,0,0,0,0,0,0,0,,,,,,,,0,
point_100,EREC,29_may,mulberry,17.5,10,3,2,0.5,0,2,15,20,3.875,9.25,6.5625,Pyxine,Candelaria,Physcia,,,,,3,
point_100,EREC,29_may,chinkapin oak,10.2,0,5,20,30,0,5,15,15,13.75,8.75,11.25,Candelaria,Physcia,Phaeophyscia,Punctelia,,,,4,
point_100,EREC,29_may,hackberry,11.6,0,3,5,12,0,3,30,30,5,15.75,10.375,Candelaria,Physcia,Phaeophyscia,Punctelia,,,,4,
point_100,EREC,29_may,black locust,12,0,0.5,2,3,0,15,10,2,1.375,6.75,4.0625,Candelaria,Physcia,Phaeophyscia,,,,,3,
point_100,EREC,29_may,red maple,12.6,0,10,2,1,0,5,2,3,3.25,2.5,2.875,Candelaria,Phaeophyscia,Punctelia,,,,,3,
point_101,EREC,29_may,black locust,20,0,0,0.5,0,0,0,0,0,0.125,0,0.0625,Phaeophyscia,,,,,,,1,
point_101,EREC,29_may,chinkapin oak,11.4,0,0.5,0.5,1,0,2,3,3,0.5,2,1.25,Phaeophyscia,Candelaria,,,,,,2,
point_101,EREC,29_may,beech,11.9,0,2,3,2,0,0,8,5,1.75,3.25,2.5,Phaeophyscia,Candelaria,,,,,,2,
point_101,EREC,29_may,red oak,10.9,0,7,12,5,0,1,0.5,2,6,0.875,3.4375,Phaeophyscia,Candelaria,Physcia,Punctelia,Flavoparmelia,,,5,
point_101,EREC,29_may,eastern redbud,27,0,0,0,0,0,0,0.5,0.5,0,0.25,0.125,Candelaria,,,,,,,1,
point_102,EREC,29_may,red oak,11.7,0,15,30,5,0,10,60,10,12.5,20,16.25,Physcia,Phaeophyscia,Flavoparmelia,Candelaria,,,,4,
point_102,EREC,29_may,red oak,13.5,0,0,3,10,0,0,2,10,3.25,3,3.125,Physcia,Phaeophyscia,Candelaria,,,,,3,
point_102,EREC,29_may,black locust,13.8,0,0.5,1,1,0,0,1,0.5,0.625,0.375,0.5,Phaeophyscia,Candelaria,,,,,,2,
point_102,EREC,29_may,bur oak,11.4,0,2,4,3,0,0,0,4,2.25,1,1.625,Physcia,Phaeophyscia,Candelaria,,,,,3,
point_102,EREC,29_may,red maple,10.1,0,2,12,3,0,2,1,3,4.25,1.5,2.875,Phaeophyscia,Candelaria,,,,,,2,
point_103,EREC,30_may,hackberry,23.5,0,0.5,0.5,0.5,0,0,0,0.5,0.375,0.125,0.25,Phaeophyscia,Candelaria,,,,,,2,
point_103,EREC,30_may,black locust,28.1,0,0,0.5,0.5,0,0.5,1,1,0.25,0.625,0.4375,Phaeophyscia,Candelaria,,,,,,2,
point_103,EREC,30_may,black locust,22.8,0,0,0,0,0,0,1,0.5,0,0.375,0.1875,Phaeophyscia,,,,,,,1,
point_103,EREC,30_may,black locust,24,0,0,0,0,0,0,0.5,0.5,0,0.25,0.125,Phaeophyscia,,,,,,,1,
point_103,EREC,30_may,honeysuckle,15.8,0,0,0,0,0,0,0,0,0,0,0,,,,,,,,0,
point_1,Floracliff,24_july,hackberry,19.5,0,2,5,3,0,20,5,15,2.5,10,6.25,Phaeophyscia,Punctelia,Myelochroa,,,,,3,
point_1,Floracliff,24_july,osage orange,49.5,0,0,0,0,0,0,0,0,0,0,0,,,,,,,,0,
point_1,Floracliff,24_july,black walnut,15.1,0,0,0,0,0,0,0,0,0,0,0,,,,,,,,0,
point_1,Floracliff,24_july,eastern redbud,14.8,0,0,0,0,0,0,0,0,0,0,0,,,,,,,,0,
point_1,Floracliff,24_july,black locust_snag,14.8,0,0,0,3,0,1,3,1,0.75,1.25,1,Phaeophyscia,,,,,,,1,
point_2,Floracliff,26_july,red cedar,18.4,0,0,0,0,0,0,0,0,0,0,0,,,,,,,,0,
point_2,Floracliff,26_july,eastern redbud,11,5,40,25,60,3,15,75,20,32.5,28.25,30.375,Punctelia,,,,,,,1,
point_2,Floracliff,26_july,black walnut,17.2,0,0,0,0,0,0,0,0,0,0,0,,,,,,,,0,
point_2,Floracliff,26_july,chinkapin oak,13.2,0,0,0,0,0,0,0,0,0,0,0,,,,,,,,0,
point_2,Floracliff,26_july,osage orange,29,0,0,0,0,0,0,0,0,0,0,0,,,,,,,,0,
point_3,Floracliff,26_july,black locust_snag,20.9,0,0.5,1,1,0,0,0,0,0.625,0,0.3125,Phaeophyscia,,,,,,,1,
point_3,Floracliff,26_july,black walnut,17.2,0,0,0,0,0,0,0,0,0,0,0,,,,,,,,0,
point_3,Floracliff,26_july,american elm,11.5,0,0,0,0,0,0,0,0,0,0,0,,,,,,,,0,
point_3,Floracliff,26_july,black cherry,37.4,0,3,25,50,0.5,2,3,3,19.5,2.125,10.8125,Parmotrema,Punctelia,Myelochroa,,,,,3,
point_3,Floracliff,26_july,unidentifiable,14.3,0.5,8,30,10,0,2,8,3,12.125,3.25,7.6875,Phaeophyscia,Myelochroa,,,,,,2,
point_4,Floracliff,26_july,red cedar,22.4,0,0,0,0,0,0,0,0,0,0,0,,,,,,,,0,
point_4,Floracliff,26_july,black walnut,29.9,0,0,0,0,0,0,0,0,0,0,0,,,,,,,,0,
point_4,Floracliff,26_july,black locust,16.4,0,0,0,0,0,0,0,0,0,0,0,,,,,,,,0,
point_4,Floracliff,26_july,american elm_snag,13.3,0,0,0,0,0,0,0,0,0,0,0,,,,,,,,0,
point_4,Floracliff,26_july,honey locust,22.2,2,4,60,45,5,60,30,2,27.75,24.25,26,Punctelia,,,,,,,1,
point_5,Floracliff,24_july,black walnut,25,0,0,0,0,0,0,0,0,0,0,0,,,,,,,,0,
point_5,Floracliff,24_july,hackberry,17.9,0,2,2,0.5,0,0,0.5,0,1.125,0.125,0.625,Phaeophyscia,,,,,,,1,
point_5,Floracliff,24_july,osage orange,23.7,0,0,3,3,0,0.5,3,25,1.5,7.125,4.3125,,,,,,,,0,
point_5,Floracliff,24_july,eastern redbud,20.7,0,0,0.5,0.5,0.5,3,1,1,0.25,1.375,0.8125,,,,,,,,0,
point_5,Floracliff,24_july,honey locust,26,0,15,25,20,1,50,10,5,15,16.5,15.75,Phaeophyscia,Myelochroa,,,,,,2,
point_6,Floracliff,24_july,red cedar,19.9,0,0,0,0,0,0,0,0,0,0,0,,,,,,,,0,
point_6,Floracliff,24_july,osage orange,13.3,0,0,0,0,0,0,0,0,0,0,0,,,,,,,,0,
point_6,Floracliff,24_july,hackberry_snag,12.2,0,0,0,0,0,0,0,0,0,0,0,,,,,,,,0,
point_6,Floracliff,24_july,eastern redbud,11.6,0,0.5,7,50,0,0.5,5,2,14.375,1.875,8.125,Myelochroa,,,,,,,1,
point_6,Floracliff,24_july,honey locust_snag,18.7,0,0.5,0.5,0.5,0,0,0,0,0.375,0,0.1875,Pyxine,,,,,,,1,
point_7,Floracliff,4_august,red cedar,37.3,0,0,0,0,0,0,0,0,0,0,0,,,,,,,,0,
point_7,Floracliff,4_august,ohio buckeye,13.5,0,0,0,0,0,0,0,0,0,0,0,,,,,,,,0,
point_7,Floracliff,4_august,shellbark hickory,40.9,0,0,0,0,0,0,0,0,0,0,0,,,,,,,,0,
point_7,Floracliff,4_august,american elm,24,0,0,0,0,0,0,0,0,0,0,0,,,,,,,,0,
point_7,Floracliff,4_august,sugar maple,19,0,1,0.5,0,1,3,5,5,0.375,3.5,1.9375,Phaeophyscia,Collema,Myelochroa,,,,,3,
point_8,Floracliff,4_august,chinkapin oak,26,0,0,0,0,0,0,0,0,0,0,0,,,,,,,,0,
point_8,Floracliff,4_august,shumard oak,102.3,0,0.5,0.5,1,0,0.5,0.5,1,0.5,0.5,0.5,Pyxine,,,,,,,1,
point_8,Floracliff,4_august,sugar maple,17.2,0,0.5,1,2,0,0,1,2,0.875,0.75,0.8125,Phaeophyscia,Pyxine,,,,,,2,
point_8,Floracliff,4_august,white ash,21.6,0,0,0,0,0,0,0,0,0,0,0,,,,,,,,0,
point_8,Floracliff,4_august,red oak,55.4,0,0,0,0,0,0,0,0,0,0,0,,,,,,,,0,
point_9,Floracliff,4_august,red cedar,22.7,0,0,0,0,0,0,0,0,0,0,0,,,,,,,,0,
point_9,Floracliff,4_august,eastern redbud_snag,10,3,15,50,85,0.5,0,3,3,38.25,1.625,19.9375,Punctelia,Pyxine,,,,,,2,
point_9,Floracliff,4_august,red oak,13.2,0,3,12,10,0,3,3,7,6.25,3.25,4.75,Phaeophyscia,Myelochroa,,,,,,2,
point_9,Floracliff,4_august,chinkapin oak,10.6,0,0,3,10,0,3,8,11,3.25,5.5,4.375,Punctelia,,,,,,,1,
point_9,Floracliff,4_august,american elm,25.9,0,0,0,0,0,0,0,0,0,0,0,,,,,,,,0,
point_10,Floracliff,3_august,honey locust,22,0,1,11,10,1,25,20,7,5.5,13.25,9.375,Myelochroa,,,,,,,1,
point_10,Floracliff,3_august,eastern redbud,14.8,0,3,7,25,0,3,5,10,8.75,4.5,6.625,Phaeophyscia,Punctelia,Myelochroa,Physcia,,,,4,
point_10,Floracliff,3_august,black walnut,28,0,0,0,0,0,0,0,0,0,0,0,,,,,,,,0,
point_10,Floracliff,3_august,red cedar,28.4,0,0,0,0,0,0,0,0,0,0,0,,,,,,,,0,
point_10,Floracliff,3_august,american sycamore_snag,16.4,0,0,0,0,0,0,0,0,0,0,0,,,,,,,,0,
point_11,Floracliff,26_july,red cedar,15.9,0,0,0,0,0,0,0,0,0,0,0,,,,,,,,0,
point_11,Floracliff,26_july,eastern redbud,21,0,2,3,10,0,1,1,5,3.75,1.75,2.75,Phaeophyscia,Myelochroa,,,,,,2,
point_11,Floracliff,26_july,american elm,29.8,0,0,0,0,0,0,0,0,0,0,0,,,,,,,,0,
point_11,Floracliff,26_july,black cherry,14.9,0,0,0,0,0,0,0,4,0,1,0.5,Punctelia,Phaeophyscia,,,,,,2,
point_11,Floracliff,26_july,black locust_snag,15.2,0,0,0,0,0,0,0,0,0,0,0,,,,,,,,0,
point_12,Floracliff,18_july,hackberry_snag,49.1,0,0,0,0,0,0,0,0,0,0,0,,,,,,,,0,
point_12,Floracliff,18_july,red cedar,22.3,0,0,0,0,0,0,0,0,0,0,0,,,,,,,,0,
point_12,Floracliff,18_july,red oak,28,0,0,5,7,0,0.5,3,3,3,1.625,2.3125,Phaeophyscia,Myelochroa,,,,,,2,
point_12,Floracliff,18_july,black walnut,32.7,0,0,0,0,0,0,0,0,0,0,0,,,,,,,,0,
point_12,Floracliff,18_july,american elm,21.2,0,0,0,0,0,0,0,0,0,0,0,,,,,,,,0,
point_13,Floracliff,18_july,red cedar,12.2,0,0,0,0,0,0,0,0,0,0,0,,,,,,,,0,
point_13,Floracliff,18_july,red cedar,11,0,0,0,0,0,0,0,0,0,0,0,,,,,,,,0,
point_13,Floracliff,18_july,ulmus sp.,11.3,0,5,10,5,0,5,30,20,5,13.75,9.375,Myelochroa,,,,,,,1,
point_13,Floracliff,18_july,ulmus sp.,25.5,0,0,0,0,0,0,0,0,0,0,0,,,,,,,,0,
point_13,Floracliff,18_july,osage orange,14.4,0,0,0,0,0,0,0,0,0,0,0,,,,,,,,0,
point_14,Floracliff,31_july,american elm,11.7,0,0,0,0,0,0,0,0,0,0,0,,,,,,,,0,
point_14,Floracliff,31_july,red cedar,41.9,0,0.5,0,0,0,0,0,0,0.125,0,0.0625,Phaeophyscia,,,,,,,1,
point_14,Floracliff,31_july,chinkapin oak,51.5,0,0,0,0,0,0,0,0,0,0,0,,,,,,,,0,
point_14,Floracliff,31_july,sugar maple,13.3,0,3,15,20,1,15,80,70,9.5,41.5,25.5,Phaeophyscia,Punctelia,Myelochroa,Physcia,,,,4,
point_14,Floracliff,31_july,white ash,39.1,0,1,2,2,0,0.5,0.5,6,1.25,1.75,1.5,Collema,Physcia,,,,,,2,
point_15,Floracliff,31_july,red cedar_snag,15.8,0,0,0,0,0,0,0,0,0,0,0,,,,,,,,0,
point_15,Floracliff,31_july,osage orange,14.8,0,0,0,0,0,0,0,0,0,0,0,,,,,,,,0,
point_15,Floracliff,31_july,white ash,11,0,0,3,3,0,5,9,6,1.5,5,3.25,Myelochroa,,,,,,,1,
point_15,Floracliff,31_july,black walnut,22.9,0,0,0,0,0,0,0,0,0,0,0,,,,,,,,0,
point_15,Floracliff,31_july,red oak,13.5,0,0,1,1,0,3,15,10,0.5,7,3.75,Phaeophyscia,Myelochroa,,,,,,2,
point_16,Floracliff,24_june,hackberry,21.8,0,0,0,0,0,0,0,0,0,0,0,,,,,,,,0,
point_16,Floracliff,24_june,white ash,10.3,0,0,0,0,0,0,0,0,0,0,0,,,,,,,,0,
point_16,Floracliff,24_june,osage orange,20.2,0,0,0,0,0,0,0,0,0,0,0,,,,,,,,0,
point_16,Floracliff,24_june,american elm,19.3,0,0,0,0,0,0,0,0,0,0,0,,,,,,,,0,
point_16,Floracliff,24_june,black cherry,29.7,0,10,15,40,0,0,2,10,16.25,3,9.625,Myelochroa,Parmotrema,,,,,,2,
point_17,Floracliff,24_june,american elm,12.2,0,0,0,0,0,0,0,0,0,0,0,,,,,,,,0,
point_17,Floracliff,24_june,ulmus sp.,18.1,0,0,0,0,0,0,0,0,0,0,0,,,,,,,,0,
point_17,Floracliff,24_june,black locust,17.8,0,0,0,0,0,0,0,0,0,0,0,,,,,,,,0,
point_17,Floracliff,24_june,boxelder,12.4,0,0,0,0,0,0,0,0,0,0,0,,,,,,,,0,
point_17,Floracliff,24_june,persimmon,10.5,0,0,0,0,0,0,0,0,0,0,0,,,,,,,,0,
point_18,Floracliff,18_july,black walnut,22.5,0,0,0,0,0,0,0,0,0,0,0,,,,,,,,0,
point_18,Floracliff,18_july,black cherry_snag,17.5,0,0,0,1,0,3,3,7,0.25,3.25,1.75,Phaeophyscia,Punctelia,,,,,,2,
point_18,Floracliff,18_july,hackberry,17.7,0,0.5,1,5,0,1,3,10,1.625,3.5,2.5625,Phaeophyscia,Myelochroa,,,,,,2,
point_18,Floracliff,18_july,white ash_snag,14.9,0,0,0,0,0,0,0,0,0,0,0,,,,,,,,0,
point_18,Floracliff,18_july,red oak,28.1,0,2,5,2,0,0.5,0,1,2.25,0.375,1.3125,Phaeophyscia,,,,,,,1,
point_19,Floracliff,18_july,red cedar,10.6,0,0,0,0,0,0,0,0,0,0,0,,,,,,,,0,
point_19,Floracliff,18_july,chinkapin oak,18.7,0,0,0,0,0,0,0,0,0,0,0,,,,,,,,0,
point_19,Floracliff,18_july,red oak,57.1,0,0,0,0,0,0,0,0,0,0,0,,,,,,,,0,
point_19,Floracliff,18_july,apple sp.,13.2,0,0,0,0,0,0,0,0,0,0,0,,,,,,,,0,
point_19,Floracliff,18_july,dogwood,10.6,0,0,0,0,0,0,0,0,0,0,0,,,,,,,,0,
point_20,Floracliff,15_july,red cedar,46.2,0,0,0,0,0,0,0,0,0,0,0,,,,,,,,0,
point_20,Floracliff,15_july,american elm_snag,25,0,0,0,0,0,0,0,0,0,0,0,,,,,,,,0,
point_20,Floracliff,15_july,chinkapin oak,18.4,0,0,0,0,0,0,0,0,0,0,0,,,,,,,,0,
point_20,Floracliff,15_july,red oak,30.5,2,8,10,25,0,5,25,50,11.25,20,15.625,Myelochroa,Phaeophyscia,,,,,,2,
point_20,Floracliff,15_july,oak sp.,50.2,0,0,0,0,0,0,0,0,0,0,0,,,,,,,,0,
point_22,Floracliff,20_july,red oak,40.5,0,1,1,3,0,1,3,12,1.25,4,2.625,Punctelia,Phaeophyscia,Myelochroa,,,,,3,
point_22,Floracliff,20_july,red cedar_snag,10,0,0,0,0.5,0,0,0,0,0.125,0,0.0625,blue/gray,,,,,,,1,
point_22,Floracliff,20_july,white ash_snag,16.4,0,0,0,0,0,0,0,0,0,0,0,,,,,,,,0,
point_22,Floracliff,20_july,ohio buckeye,19.2,0,0,0,0,0,0,0,0,0,0,0,,,,,,,,0,
point_22,Floracliff,20_july,sugar maple,15.9,3,7,7,10,5,6,30,40,6.75,20.25,13.5,Phaeophyscia,Myelochroa,,,,,,2,
point_23,Floracliff,20_july,red oak,14.4,0,1,30,25,0,1,20,75,14,24,19,Parmotrema,Punctelia,Phaeophyscia,Flavoparmelia,Myelochroa,,,5,
point_23,Floracliff,20_july,black walnut,33.8,0,0.5,0.5,0.5,0,0,1,3,0.375,1,0.6875,Phaeophyscia,,,,,,,1,
point_23,Floracliff,20_july,boxelder,23.8,0,0,0,0,0,0,0,0,0,0,0,,,,,,,,0,
point_23,Floracliff,20_july,red cedar,25.2,0,0,0,0,0,0,0,0,0,0,0,,,,,,,,0,
point_23,Floracliff,20_july,ohio buckeye,10.2,0,2,5,10,0,1,0,1,4.25,0.5,2.375,Phaeophyscia,Punctelia,Myelochroa,,,,,3,
point_24,Floracliff,20_july,american elm,12,0,0,1,7,0.5,2,3,10,2,3.875,2.9375,Phaeophyscia,,,,,,,1,
point_24,Floracliff,20_july,american sycamore,50.4,0,0,0,0,0,0,0,0,0,0,0,,,,,,,,0,
point_24,Floracliff,20_july,shellbark hickory,16.6,0,0,0,0,0,0,0,0,0,0,0,,,,,,,,0,
point_24,Floracliff,20_july,red cedar,34.6,0,0,0,0,0,0,0,0,0,0,0,,,,,,,,0,
point_24,Floracliff,20_july,chinkapin oak,12.4,0,0,0,0,0,0,0,0,0,0,0,,,,,,,,0,
point_25,Floracliff,24_june,american elm,20.8,0,0,0,0,0,0,0,0,0,0,0,,,,,,,,0,
point_25,Floracliff,24_june,hackberry,34.9,0,0,0,0,0,0,0,0,0,0,0,,,,,,,,0,
point_25,Floracliff,24_june,red cedar,18,0,0,0,0,0,0,0,0,0,0,0,,,,,,,,0,
point_25,Floracliff,24_june,red oak,24.4,0,5,1,13,0,2,22,10,4.75,8.5,6.625,Phaeophyscia,,,,,,,1,
point_25,Floracliff,24_june,sassafrass,33.1,1,50,50,90,0,10,60,30,47.75,25,36.375,Physcia,Mylechroa,,,,,,2,
point_26,Floracliff,15_july,ohio buckeye,12.1,0,0,0,0,0,0,0,0,0,0,0,,,,,,,,0,
point_26,Floracliff,15_july,boxelder,27.5,0,0,0,0,0,0,0,0,0,0,0,,,,,,,,0,
point_26,Floracliff,15_july,hackberry,19.3,0,0,0,0,0,0,0,0,0,0,0,,,,,,,,0,
point_26,Floracliff,15_july,chinkapin oak,22,0,0,0,0,0,0,0,0,0,0,0,,,,,,,,0,
point_26,Floracliff,15_july,white ash,14.4,0,0,0,0,0,0,0,0,0,0,0,,,,,,,,0,
point_27,Floracliff,15_july,honey locust,25.7,0,0,5,25,0,2,6,3,7.5,2.75,5.125,Myelochroa,,,,,,,1,
point_27,Floracliff,15_july,white ash_snag,28.9,0,0,0,0,0,0,0,0,0,0,0,,,,,,,,0,
point_27,Floracliff,15_july,hackberry,10.2,0,2,2,15,0,0,1,50,4.75,12.75,8.75,Phaeophyscia,Myelochroa,,,,,,2,
point_27,Floracliff,15_july,black cherry,28.4,0,2,5,20,0,0.5,8,40,6.75,12.125,9.4375,Punctelia,Myelochroa,Phaeophyscia,,,,,3,
point_27,Floracliff,15_july,boxelder,15.2,0,0,0,0,0,0,0,0,0,0,0,,,,,,,,0,
point_28,Floracliff,15_july,red cedar,13.3,0,0,0,0,0,0,0,0,0,0,0,,,,,,,,0,
point_28,Floracliff,15_july,osage orange,23.1,0,0,0,0,0,0,0,0,0,0,0,,,,,,,,0,
point_28,Floracliff,15_july,black walnut,27.7,0,0,0,0,0,0,0,0,0,0,0,,,,,,,,0,
point_28,Floracliff,15_july,black oak,34.5,0.5,30,25,60,0,5,12,15,28.875,8,18.4375,Parmotrema,Punctelia,Myelochroa,Phaeophyscia,Physcia,,,5,
point_28,Floracliff,15_july,white ash_snag,26,0,0,0,0,0,0,0,0,0,0,0,,,,,,,,0,
point_33,Floracliff,23_july,chinkapin oak_snag,16,0,0,0,0,0,0,0,0,0,0,0,,,,,,,,0,
point_33,Floracliff,23_july,red cedar,15.7,0,0,0,0,0,0,0,0.5,0,0.125,0.0625,Phaeophyscia,,,,,,,1,
point_33,Floracliff,23_july,black walnut,50,0,0,0,0,0,0,0,0,0,0,0,,,,,,,,0,
point_33,Floracliff,23_july,black maple,28.4,0,0,1,0,0,0,0,0,0.25,0,0.125,Phaeophyscia,,,,,,,1,
point_33,Floracliff,23_july,white ash,24.5,0,0,0,0,0,0,0,0,0,0,0,,,,,,,,0,
point_34,Floracliff,23_july,chinkapin oak,25,0,0,0,0,0,0,0,0,0,0,0,,,,,,,,0,
point_34,Floracliff,23_july,sugar maple,18,0,0,10,25,0,2,40,15,8.75,14.25,11.5,Punctelia,Phaeophyscia,,,,,,2,
point_34,Floracliff,23_july,shagbark hickory,35.1,0,0,0,0,0,0,0,0,0,0,0,,,,,,,,0,
point_34,Floracliff,23_july,red oak,75.7,0,0,12,20,0,8,16,10,8,8.5,8.25,Punctelia,,,,,,,1,
point_34,Floracliff,23_july,white ash,16.8,0,0,0,0,0,0,0,0,0,0,0,,,,,,,,0,
point_35,Floracliff,23_july,black locust,23.7,0,0,0,0,0,0,0,0,0,0,0,,,,,,,,0,
point_35,Floracliff,23_july,red cedar,31,0,0,0,0,0,0,0,0,0,0,0,,,,,,,,0,
point_35,Floracliff,23_july,red oak,57.7,0,0.5,1,1,0,0.5,0.5,5,0.625,1.5,1.0625,Phaeophyscia,Myelochroa,,,,,,2,
point_35,Floracliff,23_july,eastern redbud_snag,14.4,0,0,0,0,0,0,0,0,0,0,0,,,,,,,,0,
point_35,Floracliff,23_july,black cherry,21.2,0,0,0,0,0,0,0,0,0,0,0,,,,,,,,0,
point_36,Floracliff,12_july,sugar maple,13.9,0,1,1,10,0,0,0.5,0.5,3,0.25,1.625,Phaeophyscia,,,,,,,1,
point_36,Floracliff,12_july,american elm,14.2,0,0,0,0,0,0,0,0,0,0,0,,,,,,,,0,
point_36,Floracliff,12_july,chinkapin oak,14.2,0,0,0,0,0,0,0,0,0,0,0,,,,,,,,0,
point_36,Floracliff,12_july,white ash,52.5,0,0,0,0,0,0,0,0,0,0,0,,,,,,,,0,
point_36,Floracliff,12_july,black cherry,48.2,0,0,4,7,1,0.5,0.5,1,2.75,0.75,1.75,Punctelia,Phaeophyscia,,,,,,2,
point_37,Floracliff,28_june,black locust,20.4,0,0,0,0,0,0,0,0,0,0,0,,,,,,,,0,
point_37,Floracliff,28_june,red cedar,10,0,0,2,0,0,1,0.5,0,0.5,0.375,0.4375,Phaeophyscia,,,,,,,1,
point_37,Floracliff,28_june,chinkapin oak,14,0,0,0,0,0,0,0,0,0,0,0,,,,,,,,0,
point_37,Floracliff,28_june,american elm_snag,26.2,0,0,0,0,0,0,0,0,0,0,0,,,,,,,,0,
point_37,Floracliff,28_june,chestnut oak,10.7,0,0,2,34,0,0,2,5,9,1.75,5.375,Punctelia,Phaeophyscia,Candelaria,,,,,3,
point_38,Floracliff,28_june,american elm,24.8,0,0,0,0,0,0,0,0,0,0,0,,,,,,,,0,
point_38,Floracliff,28_june,black cherry_snag,24.2,0,0,0,0,0,0.5,15,3,0,4.625,2.3125,Punctelia,,,,,,,1,
point_38,Floracliff,28_june,red maple,15.6,0,0,1,0,0,0,0,2,0.25,0.5,0.375,Punctelia,Phaeophyscia,,,,,,2,
point_38,Floracliff,28_june,black locust,14.1,0,0,0,0,0,0,0,0,0,0,0,,,,,,,,0,
point_38,Floracliff,28_june,honeysuckle,21.3,0,0,0,0,0,0,0,0,0,0,0,,,,,,,,0,
point_45,Floracliff,12_july,white ash_snag,12.7,0,0,0,0,0,0,0,0,0,0,0,,,,,,,,0,
point_45,Floracliff,12_july,sugar maple,11.1,3,0,50,20,0,2,10,20,18.25,8,13.125,Phaeophyscia,Punctelia,Candelaria,Myelochroa,,,,4,
point_45,Floracliff,12_july,shagbark hickory,33,0,0.5,0,2,0,3,2,2,0.625,1.75,1.1875,Punctelia,Phaeophyscia,,,,,,2,
point_45,Floracliff,12_july,mockernut hickory,10.5,0,0,0,0,5,30,2,2,0,9.75,4.875,Phaeophyscia,Punctelia,,,,,,2,
point_45,Floracliff,12_july,chinkapin oak,19.3,0,0,0,0,0,0,0,0,0,0,0,,,,,,,,0,
point_46,Floracliff,12_july,sugar maple,23.7,0,0,0,0,0,0,0,0,0,0,0,,,,,,,,0,
point_46,Floracliff,12_july,chinkapin oak,33.3,0,0,0,0,0,0,0,0,0,0,0,,,,,,,,0,
point_46,Floracliff,12_july,red oak,47,0,0,1,1,0,0,0,0,0.5,0,0.25,Phaeophyscia,,,,,,,1,
point_46,Floracliff,12_july,mockernut hickory,23.5,0,0,0,0,0,0,0,0,0,0,0,,,,,,,,0,
point_46,Floracliff,12_july,shellbark hickory,63,3,2,1,0.5,0,0,0,0.5,1.625,0.125,0.875,Physcia,,,,,,,1,
point_47,Floracliff,23_july,chinkapin oak,26.1,0,0,0,0,0,0,0,0,0,0,0,,,,,,,,0,
point_47,Floracliff,23_july,sugar maple_snag,29.3,0,0,0.5,0,0,0,0,0,0.125,0,0.0625,Phaeophyscia,,,,,,,1,
point_47,Floracliff,23_july,red cedar,27.6,0,0,0,0,0,0,0,0,0,0,0,,,,,,,,0,
point_47,Floracliff,23_july,american persimmon,20.5,0,0,0,0,0,0,0,0,0,0,0,,,,,,,,0,
point_47,Floracliff,23_july,white ash,37.4,0,0,0,0,0,0,0,0,0,0,0,,,,,,,,0,
point_48,Floracliff,28_june,black locust,38,0,0,0,0,0,0,0,0,0,0,0,,,,,,,,0,
point_48,Floracliff,28_june,chinkapin oak,18.5,0,0,0,0,0,0,0,0,0,0,0,,,,,,,,0,
point_48,Floracliff,28_june,red maple,10.8,0,5,0,15,0,1,0.5,1,5,0.625,2.8125,Pyxine,Candelaria,Phaeophyscia,,,,,3,
point_48,Floracliff,28_june,red cedar,19.9,0,0,0,0,0,0,0,0,0,0,0,,,,,,,,0,
point_48,Floracliff,28_june,black oak,37.5,0,0,0,0,0,0,0,0,0,0,0,,,,,,,,0,
point_49,Floracliff,9_july,basswood,12.8,0,0,0,0,0,0,0,0,0,0,0,,,,,,,,0,
point_49,Floracliff,9_july,red oak,18.7,0,8,10,10,0,0.5,3,3,7,1.625,4.3125,Phaeophyscia,Candelaria,Punctelia,Flavoparmelia,Myelochroa,,,5,
point_49,Floracliff,9_july,hackberry,24.2,0,2,3,10,0,0.5,0.5,0,3.75,0.25,2,Phaeophyscia,,,,,,,1,
point_49,Floracliff,9_july,american elm,12,0,0.5,1,3,0,0.5,0.5,0.5,1.125,0.375,0.75,Phaeophyscia,Punctelia,,,,,,2,
point_49,Floracliff,9_july,black walnut,26.5,0,2,2,3,0,0,0.5,0,1.75,0.125,0.9375,Phaeophyscia,,,,,,,1,
point_58,Floracliff,25_june,black oak,51.6,0,1,20,30,0,0.5,0,1,12.75,0.375,6.5625,Phaeophyscia,,,,,,,1,
point_58,Floracliff,25_june,basswood,49.2,0,0.5,0,3,0,0,0,0,0.875,0,0.4375,Phaeophyscia,Physcia,,,,,,2,
point_58,Floracliff,25_june,unidentifiable,35.7,0,0,0.5,3,0,0,0,0,0.875,0,0.4375,Myelochroa,,,,,,,1,
point_58,Floracliff,25_june,red maple,15.3,0,3,7,10,0,2,2,5,5,2.25,3.625,Myelochroa,Phaeophyscia,Physcia,Candelaria,Punctelia,,,5,
point_58,Floracliff,25_june,red cedar,38.5,0,0,0,0,0,0,0,0,0,0,0,,,,,,,,0,
point_59,Floracliff,25_june,red maple,57.6,4,0,0,0,0,0,0,0,1,0,0.5,Myelochroa,,,,,,,1,
point_59,Floracliff,25_june,red oak,22.1,0,0,8,1,0,35,5,12,2.25,13,7.625,Candelaria,Myelochroa,Phaeophyscia,,,,,3,
point_59,Floracliff,25_june,american elm,10.2,0,0,0,0,0,0,0,0,0,0,0,,,,,,,,0,
point_59,Floracliff,25_june,black locust,15.6,0,0.5,3,0.5,0,20,35,35,1,22.5,11.75,Phaeophyscia,Candelaria,Physcia,,,,,3,
point_59,Floracliff,25_june,boxelder,44.4,0,3,1,2,0,0,4,35,1.5,9.75,5.625,Physcia,Phaeophyscia,,,,,,2,
point_60,Floracliff,9_july,black locust_snag,12.4,0,2,2,3,0,0,1,1,1.75,0.5,1.125,Punctelia,Phaeophyscia,,,,,,2,
point_60,Floracliff,9_july,common pear,47.6,0,0,1,0,2,3,3,2,0.25,2.5,1.375,Phaeophyscia,Candelaria,,,,,,2,
point_60,Floracliff,9_july,red cedar,20.2,0,0,1,0.5,0,0,1,0.5,0.375,0.375,0.375,Phaeophyscia,,,,,,,1,
point_60,Floracliff,9_july,black cherry,26.8,1,50,40,50,0,90,90,95,35.25,68.75,52,Flavoparmelia,Punctelia,Parmotrema,Phaeophyscia,,,,4,
point_60,Floracliff,9_july,american elm,10,0,1,5,8,0,1,6,10,3.5,4.25,3.875,Candelaria,Phaeophyscia,,,,,,2,
point_68,Floracliff,3_august,red cedar,23.3,0,0,0,0,0,0,0,0,0,0,0,,,,,,,,0,
point_68,Floracliff,3_august,sugar maple,31.2,0,0,0,5,0,0,0,0,1.25,0,0.625,Punctelia,,,,,,,1,
point_68,Floracliff,3_august,white ash,52.7,0,0,0,0,0,0,0,0,0,0,0,,,,,,,,0,
point_68,Floracliff,3_august,chinkapin oak,69.2,0,0,0,0,0,0,0,0,0,0,0,,,,,,,,0,
point_68,Floracliff,3_august,eastern redbud,19.5,0,0,1,0,2,0.5,0.5,0.5,0.25,0.875,0.5625,Phaeophyscia,Punctelia,,,,,,2,
point_69,Floracliff,25_june,red cedar,24.5,0,0,0,0,0,0,0,0,0,0,0,,,,,,,,0,
point_69,Floracliff,25_june,red maple,14.2,0,0,0,0,0,0,0,0,0,0,0,,,,,,,,0,
point_69,Floracliff,25_june,ulmus sp.,31.6,0,0,1,2,0,10,0.5,5,0.75,3.875,2.3125,Candelaria,Phaeophyscia,Punctelia,Myelochroa,,,,4,
point_69,Floracliff,25_june,chinkapin oak,25.5,0,0,0,0,0,0,0,0,0,0,0,,,,,,,,0,
point_69,Floracliff,25_june,american elm,14.8,0,0,0,0,0,0,0,0,0,0,0,,,,,,,,0,
point_70,Floracliff,8_july,white ash_snag,35,0,0,0,0,0,0,0,0,0,0,0,,,,,,,,0,
point_70,Floracliff,8_july,american elm,13.2,0,0,0.5,0,0,0,0,0.5,0.125,0.125,0.125,Phaeophyscia,,,,,,,1,
point_70,Floracliff,8_july,american elm,27,0,0,0.5,0,0,0,0.5,0.5,0.125,0.25,0.1875,Phaeophyscia,,,,,,,1,
point_70,Floracliff,8_july,green ash_snag,41.3,0,0,0,0,0,0,0,0,0,0,0,,,,,,,,0,
point_70,Floracliff,8_july,black locust,34.6,0,0,0.5,0,0.5,0.5,2,3,0.125,1.5,0.8125,Phaeophyscia,Punctelia,,,,,,2,
point_71,Floracliff,9_july,red cedar,17.4,0,0,0,0,0,0,0,0,0,0,0,,,,,,,,0,
point_71,Floracliff,9_july,red cedar,11.7,0,0,0,0,0,0,0,0,0,0,0,,,,,,,,0,
point_71,Floracliff,9_july,white ash_snag,23.9,0,0,0,0,0,0,0,0,0,0,0,,,,,,,,0,
point_71,Floracliff,9_july,white ash,20.4,0,0,0.5,6,0,0,2,25,1.625,6.75,4.1875,Myelochroa,Pyxine,Phaeophyscia,Punctelia,Parmotrema,,,5,
point_71,Floracliff,9_july,green ash_snag,18.6,0,0,0,0,0,0,0,0,0,0,0,,,,,,,,0,
point_78,Floracliff,3_august,sugar maple,12.7,0,9,15,20,1,3,15,26,11,11.25,11.125,Phaeophyscia,Punctelia,Candelaria,Myelochroa,Physcia,,,5,
point_78,Floracliff,3_august,white ash_snag,20.7,0,0,0,0,0,0,0,0,0,0,0,,,,,,,,0,
point_78,Floracliff,3_august,red cedar_snag,10,0,0.5,6,10,2,4,12,20,4.125,9.5,6.8125,Parmotrema,Punctelia,Flavoparmelia,Usnea,,,,4,
point_78,Floracliff,3_august,black walnut,32.5,0,0.5,0.5,1,0,0,0.5,0,0.5,0.125,0.3125,Phaeophyscia,,,,,,,1,
point_78,Floracliff,3_august,american elm,18.4,0,0,0.5,1,0,1,8,6,0.375,3.75,2.0625,Phaeophyscia,Flavoparmelia,Myelochroa,,,,,3,
point_79,Floracliff,2_july,sugar maple,26.9,0,1,15,20,0,0,12,7,9,4.75,6.875,Phaeophyscia,Myelochroa,Candelaria,,,,,3,
point_79,Floracliff,2_july,sugar maple,41.6,0,12,15,50,0,5,15,20,19.25,10,14.625,Phaeophyscia,Myelochroa,Punctelia,,,,,3,
point_79,Floracliff,2_july,red oak,74.7,0,3,5,10,0,5,7,10,4.5,5.5,5,Phaeophyscia,Myelochroa,,,,,,2,
point_79,Floracliff,2_july,basswood,44.6,0,0,0.5,2,0,3,5,0,0.625,2,1.3125,Phaeophyscia,Myelochroa,Punctelia,,,,,3,
point_79,Floracliff,2_july,red cedar,12.2,0,0,0,0,0,0,0,0,0,0,0,,,,,,,,0,
point_84,Floracliff,21_july,white ash,16.8,0,0,0,0,0,0,0,0,0,0,0,,,,,,,,0,
point_84,Floracliff,21_july,american elm,19,0,0,0,0,0,0,0,0,0,0,0,,,,,,,,0,
point_84,Floracliff,21_july,sugar maple,25.6,0,0.5,1,5,0,0,0,3,1.625,0.75,1.1875,Punctelia,Myelochroa,,,,,,2,
point_84,Floracliff,21_july,chinkapin oak,15.7,0,0,0,0,0,0,0,0,0,0,0,,,,,,,,0,
point_84,Floracliff,21_july,red cedar,25,0,0,0,0,0,0,0,0,0,0,0,,,,,,,,0,
point_85,Floracliff,29_july,chinkapin oak,44.8,0,0,0,0,0,0,0,0,0,0,0,,,,,,,,0,
point_85,Floracliff,29_july,white oak,83,0,0,0,0,0,0,0,0,0,0,0,,,,,,,,0,
point_85,Floracliff,29_july,black oak,70.8,0,0.5,15,20,0,0,0,1,8.875,0.25,4.5625,Punctelia,Physcia,,,,,,2,
point_85,Floracliff,29_july,white ash,73.7,0,0,0,0,0,0,0,0,0,0,0,,,,,,,,0,
point_85,Floracliff,29_july,shellbark hickory,23,1,5,1,0.5,0,0,1,0,1.875,0.25,1.0625,Phaeophyscia,,,,,,,1,
point_86,Floracliff,2_july,sugar maple,38.1,0,2,25,25,0,5,30,20,13,13.75,13.375,Pyxine,Myelochroa,,,,,,2,
point_86,Floracliff,2_july,sugar maple,36.4,0,1,5,5,0,5,1,25,2.75,7.75,5.25,Pyxine,Myelochroa,Punctelia,,,,,3,
point_86,Floracliff,2_july,sugar maple_snag,28.1,0,0,0,0,0,0,0,0,0,0,0,,,,,,,,0,
point_86,Floracliff,2_july,black cherry,53.1,0,0,0,0,0,1,0.5,1,0,0.625,0.3125,Phaeophyscia,,,,,,,1,
point_86,Floracliff,2_july,chinkapin oak,21.5,0,0,0,0,0,0,0,0,0,0,0,,,,,,,,0,
point_89,Floracliff,29_july,sugar maple,13.2,0,5,15,10,5,20,25,50,7.5,25,16.25,Parmotrema,Phaeophyscia,Candelaria,Punctelia,Physcia,Mylechroa,,6,
point_89,Floracliff,29_july,chinkapin oak,39.3,0,0,0,0,0,0,0,0,0,0,0,,,,,,,,0,
point_89,Floracliff,29_july,red cedar,31.3,0,0,0,0,0,0,0,0,0,0,0,,,,,,,,0,
point_89,Floracliff,29_july,american elm,13.4,0,0,0,0,0,0,0,0,0,0,0,,,,,,,,0,
point_89,Floracliff,29_july,white ash_snag,19.2,0,0,0,5,0,1,0,0,1.25,0.25,0.75,Physcia,,,,,,,1,
point_90,Floracliff,2_july,sugar maple,31.3,0,0,0.5,3,0,0,1,0,0.875,0.25,0.5625,Candelaria,Phaeophyscia,,,,,,2,
point_90,Floracliff,2_july,black maple,52,0,0,0,1,0,0,0,0,0.25,0,0.125,Phaeophyscia,,,,,,,1,
point_90,Floracliff,2_july,chinkapin oak,26.3,0,0,0,0,0,0.5,1,1,0,0.625,0.3125,Phaeophyscia,,,,,,,1,
point_90,Floracliff,2_july,boxelder,32.5,0,0,0,0.5,0,0,0,0,0.125,0,0.0625,Phaeophyscia,,,,,,,1,
point_90,Floracliff,2_july,eastern hemlock,11.5,0,0,0,0,0,0,0,0,0,0,0,,,,,,,,0,
point_91,Floracliff,29_july,red cedar,17,3,0.5,15,15,0,0,0,0,8.375,0,4.1875,Myelochroa,,,,,,,1,
point_91,Floracliff,29_july,sugar maple,19.2,2,7,40,12,0,0,20,12,15.25,8,11.625,Punctelia,Myelochroa,Cladonia,,,,,3,
point_91,Floracliff,29_july,shellbark hickory,11.5,1,0,4,3,30,12,5,3,2,12.5,7.25,Parmotrema,Punctelia,Phaeophyscia,Myelochroa,,,,4,
point_91,Floracliff,29_july,ohio buckeye,15.1,0,0,0,0,0,0,0,0,0,0,0,,,,,,,,0,
point_91,Floracliff,29_july,red oak,11.7,0,2,3,1,0,0,0,0.5,1.5,0.125,0.8125,Phaeophyscia,Punctelia,,,,,,2,
point _92,Floracliff,8_july,sugar maple,13.9,3,15,10,15,0,8,8,15,10.75,7.75,9.25,Candelaria,Phaeophyscia,Punctelia,Physcia,Pyxine,Mylechroa,,6,
point _92,Floracliff,8_july,red cedar,25.6,0,0,0,0,0,0,0,0,0,0,0,,,,,,,,0,
point _92,Floracliff,8_july,chinkapin oak_snag,30.8,0,0,0,0,0,0.5,0,0,0,0.125,0.0625,Phaeophyscia,,,,,,,1,
point _92,Floracliff,8_july,red oak,34,0,0,0.5,3,0,5,0,0,0.875,1.25,1.0625,Punctelia,,,,,,,1,
point _92,Floracliff,8_july,black maple,35.4,0,0,0,0,0,0,0,0,0,0,0,,,,,,,,0,
point_93,Floracliff,8_july,hackberry,54.5,0,0.5,1,3,0,0.5,1,1,1.125,0.625,0.875,Candelaria,Physcia,,,,,,2,
point_93,Floracliff,8_july,hackberry,29.7,0,0,0.5,0,0,0.5,1,1,0.125,0.625,0.375,Candelaria,Physcia,,,,,,2,
point_93,Floracliff,8_july,sugar maple,28.5,0,0,0.5,10,0,1,1,5,2.625,1.75,2.1875,Candelaria,Physcia,,,,,,2,
point_93,Floracliff,8_july,chinkapin oak_snag,15.5,0,0,0.5,0,0,0,0,0,0.125,0,0.0625,Physcia,,,,,,,1,
point_93,Floracliff,8_july,black maple,31.9,0,0,5,5,0,0,0,0,2.5,0,1.25,Phaeophyscia,Pyxine,,,,,,2,
point_94,Floracliff,8_july,sugar maple,18,0,0.5,1,6,0,0.5,0,0.5,1.875,0.25,1.0625,Phaeophyscia,,,,,,,1,
point_94,Floracliff,8_july,chinkapin oak,28.5,0,0,0,0,0,0,0,0,0,0,0,,,,,,,,0,
point_94,Floracliff,8_july,shagbark hickory,50.3,0,0,0,0,0,0,0,0,0,0,0,,,,,,,,0,
point_94,Floracliff,8_july,red cedar,15.8,0,0,0,0,0,0,0,0.5,0,0.125,0.0625,Phaeophyscia,,,,,,,1,
point_94,Floracliff,8_july,white ash_snag,35.8,0,1,0,1,0,0,0,0,0.5,0,0.25,Phaeophyscia,,,,,,,1,
point_95,Floracliff,29_july,hackberry,49.5,0,0,0.5,0,0,0,0,0,0.125,0,0.0625,Phaeophyscia,,,,,,,1,
point_95,Floracliff,29_july,sugar maple,36.1,0,0,0.5,2,0,0.5,2,1,0.625,0.875,0.75,Phaeophyscia,,,,,,,1,
point_95,Floracliff,29_july,american beech,19.3,0,0,0,0.5,0,0,0,0.5,0.125,0.125,0.125,Phaeophyscia,,,,,,,1,
point_95,Floracliff,29_july,white ash,11.5,0,0,0.5,0.5,0,0,0,0,0.25,0,0.125,,,,,,,,0,
point_95,Floracliff,29_july,boxelder,30.9,0,0,0,0,0,0.5,0.5,0.5,0,0.375,0.1875,Phaeophyscia,,,,,,,1,
